timestamp,cpu,cpu prediction,cpu_anomalyscore,cpu_anamolyLikelihood,Uc,mem_used,mem_prediction,mem_anomalyScore,mem_anomalyLikelihood,Um,disk_write_bytes,disk_prediction,disk_anomalyScore,disk_anomalyLikelihood,Udw,disk_read_bytes,disk_read_prediction,disk_read_anomalyScore,disk_read_anomalyLikelihood,Udr,net_s,net_s_prediction,net_s_anomalyScore,net_s_anomalyLikelihood,udnet,totalUM
2018-09-23 20:44:00,93.0,93.0,1.0,0.5,93.0,70.6,70.6,1.0,0.5,70.6,21.614246368408203,21.614246368408203,1.0,0.5,21.614246368408203,2.3464879989624023,2.3464879989624023,1.0,0.5,2.3464879989624023,6.126239895820618e-06,6.126239895820618e-06,1.0,0.5,6.126239895820618e-06,75.0242961974442
2018-09-23 20:44:00,50.8,50.8,1.0,0.5,50.8,73.1,73.1,1.0,0.5,73.1,21.615432739257812,21.615432739257812,1.0,0.5,21.615432739257812,2.3464879989624023,2.3464879989624023,1.0,0.5,2.3464879989624023,6.126239895820618e-06,6.126239895820618e-06,1.0,0.5,6.126239895820618e-06,59.14477074578404
2018-09-23 20:44:00,85.6,50.8,1.0,0.5,68.19999999999999,72.9,71.35,1.0,0.5,72.125,21.61670684814453,21.614602279663085,1.0,0.5,21.61565456390381,2.3464879989624023,2.3464879989624023,1.0,0.5,2.3464879989624023,6.126239895820618e-06,6.126239895820617e-06,1.0,0.5,6.126239895820618e-06,65.71485947564244
2018-09-23 20:44:00,57.7,85.6,1.0,0.5,71.65,73.2,71.815,0.0,0.5,72.5075,21.617542266845703,21.615233650207518,0.0,0.5,21.61638795852661,2.3464879989624023,2.3464879989624023,0.0,0.5,2.3464879989624023,6.126239895820618e-06,6.126239895820617e-06,0.0,0.5,6.126239895820618e-06,67.24815283349156
2018-09-23 20:44:00,5.1,5.1,1.0,0.5,5.1,72.9,72.2305,0.0,0.5,72.56525,21.620948791503906,21.615926235198973,0.0,0.5,21.618437513351438,2.3464879989624023,2.3464879989624023,0.0,0.5,2.3464879989624023,6.126239895820618e-06,6.126239895820617e-06,0.0,0.5,6.126239895820618e-06,40.65207265542149
2018-09-23 20:44:00,11.1,11.1,1.0,0.5,11.1,72.9,72.43135000000001,0.0,0.5,72.66567500000001,21.620948791503906,21.61743300209045,0.0,0.5,21.61919089679718,2.3464879989624023,2.3464879989624023,0.0,0.5,2.3464879989624023,6.126239895820618e-06,6.126239895820617e-06,0.0,0.5,6.126239895820618e-06,43.09254400879979
2018-09-23 20:44:00,71.4,57.7,1.0,0.5,64.55000000000001,72.9,72.571945,0.0,0.5,72.7359725,21.621227264404297,21.618487738914485,0.0,0.5,21.61985750165939,2.3464879989624023,2.3464879989624023,0.0,0.5,2.3464879989624023,6.126239895820618e-06,6.126239895820617e-06,0.0,0.5,6.126239895820618e-06,64.50092965074468
2018-09-23 20:44:00,80.2,57.7,1.0,0.5,68.95,73.4,72.6703615,0.0,0.5,73.03518075,21.622177124023438,21.61930959656143,0.0,0.5,21.620743360292433,2.3464879989624023,2.3464879989624023,0.0,0.5,2.3464879989624023,6.126239895820618e-06,6.126239895820617e-06,0.0,0.5,6.126239895820618e-06,66.38096729419789
2018-09-23 20:44:00,64.9,5.1,1.0,0.5,35.0,72.9,72.88925305,0.0,0.5,72.894626525,21.62343978881836,21.62016985480003,0.0,0.5,21.621804821809192,2.3464879989624023,2.3464879989624023,0.0,0.5,2.3464879989624023,6.126239895820618e-06,6.126239895820617e-06,0.0,0.5,6.126239895820618e-06,52.74517018880461
2018-09-23 20:44:00,62.9,5.1,1.0,0.5,34.0,73.3,72.892477135,0.0,0.5,73.0962385675,21.624385833740234,21.621150835005526,0.0,0.5,21.62276833437288,2.3464879989624023,2.3464879989624023,0.0,0.5,2.3464879989624023,6.126239895820618e-06,6.126239895820617e-06,0.0,0.5,6.126239895820618e-06,52.42620041083008
2018-09-23 20:44:00,9.4,71.4,0.975,0.5,40.400000000000006,73.0,73.01473399449999,0.0,0.5,73.00736699724999,21.625919342041016,21.622121334625938,0.0,0.5,21.624020338333477,2.3464879989624023,2.3464879989624023,0.0,0.5,2.3464879989624023,6.126239895820618e-06,6.126239895820617e-06,0.0,0.5,6.126239895820618e-06,54.95115258431431
2018-09-23 20:45:00,17.8,71.4,0.55,0.5,44.6,72.9,73.01031379614999,0.0,0.5,72.95515689807499,21.62604522705078,21.62326073685046,0.0,0.5,21.62465298195062,2.3464879989624023,2.3464879989624023,0.0,0.5,2.3464879989624023,6.126239895820618e-06,6.126239895820617e-06,0.0,0.5,6.126239895820618e-06,56.61052160209116
2018-09-23 20:46:00,32.5,85.6,1.0,0.5,59.05,73.2,72.97721965730499,0.0,0.5,73.0886098286525,21.697608947753906,21.62409608391056,0.0,0.5,21.660852515832232,2.348891258239746,2.3464879989624023,0.0,0.5,2.347689628601074,6.126239895820618e-06,6.126239895820617e-06,0.0,0.5,6.126239895820618e-06,62.45886323973027
2018-09-23 20:46:00,20.0,32.5,1.0,0.5,26.25,73.2,73.04405376011348,0.0,0.5,73.12202688005675,21.697769165039062,21.646149943063563,0.0,0.5,21.671959554051313,2.348891258239746,2.3472089767456055,0.0,0.5,2.348050117492676,6.126239895820618e-06,6.126239895820617e-06,0.0,0.5,6.126239895820618e-06,49.356817071136255
2018-09-23 20:46:00,40.1,20.0,0.5,0.5,30.05,73.2,73.2,0.0,0.5,73.2,21.69955825805664,21.69955825805664,0.0,0.5,21.69955825805664,2.348891258239746,2.348891258239746,0.0,0.5,2.348891258239746,6.126239895820618e-06,6.126239895820617e-06,0.0,0.5,6.126239895820618e-06,50.91938225701451
2018-09-23 20:46:00,100.0,57.7,1.0,0.5,78.85,73.2,73.2,0.0,0.5,73.2,21.700557708740234,21.700557708740234,0.0,0.5,21.700557708740234,2.348891258239746,2.348891258239746,0.0,0.5,2.348891258239746,6.126239895820618e-06,6.126239895820617e-06,0.0,0.5,6.126239895820618e-06,70.43978203728796
2018-09-23 20:46:00,100.0,57.7,1.0,0.5,78.85,73.7,73.7,0.0,0.5,73.7,21.70123291015625,21.70123291015625,0.0,0.5,21.70123291015625,2.348891258239746,2.348891258239746,0.0,0.5,2.348891258239746,6.126239895820618e-06,6.126239895820617e-06,0.0,0.5,6.126239895820618e-06,70.64005211785437
2018-09-23 20:48:00,82.7,64.9,1.0,0.5,73.80000000000001,73.0,73.0,0.0,0.5,73.0,21.776569366455078,21.776569366455078,0.0,0.5,21.776569366455078,2.418795585632324,2.418795585632324,0.0,0.5,2.418795585632324,6.126239895820618e-06,6.126239895820617e-06,0.0,0.5,6.126239895820618e-06,68.39814843133092
2018-09-23 20:48:00,43.1,100.0,0.875,0.5,71.55,73.0,73.0,0.0,0.5,73.0,21.777122497558594,21.777122497558594,0.0,0.5,21.777122497558594,2.441473960876465,2.441473960876465,0.0,0.5,2.441473960876465,6.126239895820618e-06,6.126239895820617e-06,0.0,0.5,6.126239895820618e-06,67.50744103386998
2018-09-23 20:48:00,95.5,82.7,0.425,0.5,89.1,73.2,73.15315308082359,0.0,0.5,73.17657654041179,21.778579711914062,21.732975237295218,0.0,0.5,21.755777474604642,2.441473960876465,2.3911480590476986,0.0,0.5,2.4163110099620817,6.126239895820618e-06,6.126239895820617e-06,0.0,0.5,6.126239895820618e-06,74.57946846048735
2018-09-23 20:48:00,87.9,43.1,0.15,0.5,65.5,73.4,73.16720715657651,0.0,0.5,73.28360357828825,21.77899932861328,21.74665657968087,0.0,0.5,21.762827954147077,2.441473960876465,2.4062458295963283,0.0,0.5,2.4238598952363963,6.126239895820618e-06,6.126239895820617e-06,0.0,0.5,6.126239895820618e-06,65.18811902156465
2018-09-23 20:48:00,22.4,40.1,0.95,0.5,31.25,73.0,73.0,0.0,0.5,73.0,21.781051635742188,21.781051635742188,0.0,0.5,21.781051635742188,2.441473960876465,2.441473960876465,0.0,0.5,2.441473960876465,6.126239895820618e-06,6.126239895820617e-06,0.0,0.5,6.126239895820618e-06,51.38901268914342
2018-09-23 20:48:00,67.5,9.4,1.0,0.5,38.45,73.0,73.0,0.0,0.5,73.0,21.781131744384766,21.781131744384766,0.0,0.5,21.781131744384766,2.441473960876465,2.441473960876465,0.0,0.5,2.441473960876465,6.126239895820618e-06,6.126239895820617e-06,0.0,0.5,6.126239895820618e-06,54.26904473260045
2018-09-23 20:49:00,95.5,87.9,0.975,0.5,91.7,73.2,73.2,0.0,0.5,73.2,21.781982421875,21.781982421875,0.0,0.5,21.781982421875,2.441473960876465,2.441473960876465,0.0,0.5,2.441473960876465,6.126239895820618e-06,6.126239895820617e-06,0.0,0.5,6.126239895820618e-06,75.64938500359655
2018-09-23 20:49:00,98.5,87.9,0.075,0.5,93.2,73.2,73.2,0.0,0.5,73.2,21.782283782958984,21.782283782958984,0.0,0.5,21.782283782958984,2.441962242126465,2.441962242126465,0.0,0.5,2.441962242126465,6.126239895820618e-06,6.126239895820617e-06,0.0,0.5,6.126239895820618e-06,76.24970086053014
2018-09-23 20:49:00,98.5,98.5,0.0,0.5,98.5,73.1,73.1,0.0,0.5,73.1,21.783790588378906,21.783790588378906,0.0,0.5,21.783790588378906,2.441962242126465,2.441962242126465,0.0,0.5,2.441962242126465,6.126239895820618e-06,6.126239895820617e-06,0.0,0.5,6.126239895820618e-06,78.33030358269811
2018-09-23 20:49:00,91.4,98.49999999999999,0.075,0.5,94.94999999999999,73.2,73.14124015476406,0.0,0.5,73.17062007738204,21.785263061523438,21.778127117861267,0.0,0.5,21.781695089692352,2.442042350769043,2.4375784298969876,0.0,0.5,2.4398103903330153,6.126239895820618e-06,6.126239895820617e-06,0.0,0.5,6.126239895820618e-06,76.93685267345892
2018-09-23 20:49:00,37.5,95.5,1.0,0.5,66.5,73.0,73.15886810833484,0.0,0.5,73.07943405416742,21.785629272460938,21.780267900959917,0.0,0.5,21.782948586710425,2.4422292709350586,2.438917606158604,0.0,0.5,2.4405734385468314,6.126239895820618e-06,6.126239895820617e-06,0.0,0.5,6.126239895820618e-06,65.52118488226583
2018-09-23 20:49:00,15.1,67.5,0.975,0.5,41.3,73.0,73.11120767583438,0.0,0.5,73.05560383791719,21.786937713623047,21.781876312410223,0.0,0.5,21.784407013016633,2.4422292709350586,2.4399111055915403,0.0,0.5,2.4410701882632995,6.126239895820618e-06,6.126239895820617e-06,0.0,0.5,6.126239895820618e-06,55.4324348661748
2018-09-23 20:49:00,87.8,37.5,0.925,0.5,62.65,73.0,73.07784537308406,0.0,0.5,73.03892268654204,21.787975311279297,21.78339473277407,0.0,0.5,21.785685022026684,2.4422292709350586,2.440606555194596,0.0,0.5,2.4414179130648272,6.126239895820618e-06,6.126239895820617e-06,0.0,0.5,6.126239895820618e-06,63.96641269914939
2018-09-23 20:49:00,85.3,37.5,0.925,0.5,61.4,73.7,73.05449176115883,0.0,0.5,73.37724588057941,21.789691925048828,21.78476890632564,0.0,0.5,21.787230415687233,2.4422292709350586,2.4410933699167345,0.0,0.5,2.4416613204258963,6.126239895820618e-06,6.126239895820617e-06,0.0,0.5,6.126239895820618e-06,63.602457497172985
2018-09-23 20:49:00,64.6,95.5,0.125,0.5,80.05,73.1,73.24814423281117,0.0,0.5,73.17407211640558,21.790184020996094,21.786245811942592,0.0,0.5,21.788214916469343,2.4427175521850586,2.4414341402222317,0.0,0.5,2.442075846203645,6.126239895820618e-06,6.126239895820617e-06,0.0,0.5,6.126239895820618e-06,70.98174760212738
2018-09-23 20:49:00,93.0,91.4,0.15,0.5,92.2,73.5,73.20370096296782,0.0,0.5,73.35185048148391,21.79199981689453,21.787427274658643,0.0,0.5,21.789713545776586,2.4427175521850586,2.44181916381108,0.0,0.5,2.4422683579980693,6.126239895820618e-06,6.126239895820617e-06,0.0,0.5,6.126239895820618e-06,75.91353540459939
2018-09-23 20:49:00,52.3,5.1,0.4,0.5,28.7,73.1,73.1,0.0,0.5,73.1,21.792362213134766,21.792362213134766,0.0,0.5,21.792362213134766,2.4427175521850586,2.4427175521850586,0.0,0.5,2.4427175521850586,6.126239895820618e-06,6.126239895820617e-06,0.0,0.5,6.126239895820618e-06,50.41403435662389
2018-09-23 20:49:00,14.4,87.87,0.5,0.5,51.135000000000005,73.1,73.1,0.0,0.5,73.1,21.793983459472656,21.793983459472656,0.0,0.5,21.793983459472656,2.4427175521850586,2.4427175521850586,0.0,0.5,2.4427175521850586,6.126239895820618e-06,6.126239895820617e-06,0.0,0.5,6.126239895820618e-06,59.38868285515905
2018-09-23 20:51:00,86.0,64.6,0.05,0.5,75.3,73.5,73.5,0.0,0.5,73.5,21.85586929321289,21.85586929321289,0.0,0.5,21.85586929321289,2.4784154891967773,2.4784154891967773,0.0,0.5,2.4784154891967773,6.126239895820618e-06,6.126239895820617e-06,0.0,0.5,6.126239895820618e-06,69.25371636345983
2018-09-23 20:53:00,100.0,52.3,0.675,0.5,76.15,73.4,73.4,0.0,0.5,73.4,21.94686508178711,21.94686508178711,0.0,0.5,21.94686508178711,2.518923759460449,2.518923759460449,0.0,0.5,2.518923759460449,6.126239895820618e-06,6.126239895820617e-06,0.0,0.5,6.126239895820618e-06,69.60631798699498
2018-09-23 20:53:00,100.0,52.3,0.0,0.5,76.15,74.0,74.0,0.0,0.5,74.0,21.947067260742188,21.947067260742188,0.0,0.5,21.947067260742188,2.518923759460449,2.518923759460449,0.0,0.5,2.518923759460449,6.126239895820618e-06,6.126239895820617e-06,0.0,0.5,6.126239895820618e-06,69.84639885857702
2018-09-23 20:53:00,100.0,100.0,0.0,0.5,100.0,74.3,73.5241687145922,0.0,0.5,73.9120843572961,21.947673797607422,21.880122833896028,0.0,0.5,21.913898315751723,2.518923759460449,2.48672462014242,0.0,0.5,2.5028241898014345,6.126239895820618e-06,6.126239895820617e-06,0.0,0.5,6.126239895820618e-06,79.33152519563566
2018-09-23 20:53:00,100.0,100.0,0.0,0.5,100.0,74.6,73.75691810021453,0.0,0.5,74.17845905010726,21.947933197021484,21.900388123009446,0.0,0.5,21.924160660015467,2.518923759460449,2.4963843619378285,0.0,0.5,2.5076540606991387,6.126239895820618e-06,6.126239895820617e-06,0.0,0.5,6.126239895820618e-06,79.44411195882472
2018-09-23 20:53:00,100.0,100.0,0.0,0.5,100.0,73.5,74.00984267015016,0.0,0.5,73.75492133507508,21.948226928710938,21.914651645213056,0.0,0.5,21.931439286961997,2.518923759460449,2.5031461811946145,0.0,0.5,2.5110349703275316,6.126239895820618e-06,6.126239895820617e-06,0.0,0.5,6.126239895820618e-06,79.27896068744181
2018-09-23 20:53:00,100.0,100.0,0.0,0.5,100.0,73.6,73.85688986910512,0.0,0.5,73.72844493455256,21.94918441772461,21.92472423026242,0.0,0.5,21.936954323993515,2.519293785095215,2.507879454674365,0.0,0.5,2.51358661988479,6.126239895820618e-06,6.126239895820617e-06,0.0,0.5,6.126239895820618e-06,79.2715968018683
2018-09-23 20:53:00,100.0,100.0,0.0,0.5,100.0,73.3,73.77982290837357,0.0,0.5,73.53991145418678,21.950626373291016,21.932062286501075,0.0,0.5,21.941344329896047,2.519293785095215,2.5113037538006195,0.0,0.5,2.5152987694479174,6.126239895820618e-06,6.126239895820617e-06,0.0,0.5,6.126239895820618e-06,79.19862427190826
2018-09-23 20:53:00,100.0,100.0,0.0,0.5,100.0,73.3,73.6358760358615,0.0,0.5,73.46793801793075,21.951435089111328,21.937631512538054,0.0,0.5,21.94453330082469,2.519293785095215,2.513700763188998,0.0,0.5,2.5164972741421066,6.126239895820618e-06,6.126239895820617e-06,0.0,0.5,6.126239895820618e-06,79.17158988765497
2018-09-23 20:53:00,100.0,100.0,0.0,0.5,100.0,73.3,73.53511322510305,0.0,0.5,73.41755661255152,21.954113006591797,21.941772585510034,0.0,0.5,21.947942796050917,2.519293785095215,2.515378669760863,0.0,0.5,2.517336227428039,6.126239895820618e-06,6.126239895820617e-06,0.0,0.5,6.126239895820618e-06,79.15313670490815
2018-09-23 20:53:00,100.0,100.0,0.0,0.5,100.0,74.0,73.46457925757213,0.0,0.5,73.73228962878606,21.95492935180664,21.94547471183456,0.0,0.5,21.950202031820602,2.519293785095215,2.5165532043611685,0.0,0.5,2.5179234947281914,6.126239895820618e-06,6.126239895820617e-06,0.0,0.5,6.126239895820618e-06,79.2801685126299
2018-09-23 20:53:00,100.0,100.0,0.0,0.5,100.0,74.4,73.62520548030048,0.0,0.5,74.01260274015024,21.95572280883789,21.948311103826185,0.0,0.5,21.952016956332038,2.519293785095215,2.517375378581382,0.0,0.5,2.5183345818382987,6.126239895820618e-06,6.126239895820617e-06,0.0,0.5,6.126239895820618e-06,79.3931841618242
2018-09-23 20:53:00,100.0,100.0,0.0,0.5,100.0,74.1,73.85764383621034,0.0,0.5,73.97882191810517,21.956092834472656,21.950534615329698,0.0,0.5,21.95331372490118,2.519293785095215,2.517950900535532,0.0,0.5,2.518622342815373,6.126239895820618e-06,6.126239895820617e-06,0.0,0.5,6.126239895820618e-06,79.38030564482465
2018-09-23 20:53:00,100.0,100.0,0.0,0.5,100.0,73.4,73.93035068534724,0.0,0.5,73.66517534267362,21.956745147705078,21.952202081072585,0.0,0.5,21.95447361438883,2.519415855407715,2.5183537659034365,0.0,0.5,2.5188848106555755,6.126239895820618e-06,6.126239895820617e-06,0.0,0.5,6.126239895820618e-06,79.25541595758317
2018-09-23 20:53:00,100.0,100.0,0.0,0.5,100.0,73.5,73.5,0.0,0.5,73.5,21.956806182861328,21.956806182861328,0.0,0.5,21.956806182861328,2.519415855407715,2.519415855407715,0.0,0.5,2.519415855407715,6.126239895820618e-06,6.126239895820617e-06,0.0,0.5,6.126239895820618e-06,79.19049126580357
2018-09-23 20:53:00,100.0,100.0,0.0,0.5,100.0,73.4,73.4,0.0,0.5,73.4,21.957168579101562,21.957168579101562,0.0,0.5,21.957168579101562,2.519415855407715,2.519415855407715,0.0,0.5,2.519415855407715,6.126239895820618e-06,6.126239895820617e-06,0.0,0.5,6.126239895820618e-06,79.15063622429967
2018-09-23 20:53:00,100.0,100.0,0.0,0.5,100.0,73.7,73.7,0.0,0.5,73.7,21.958248138427734,21.958248138427734,0.0,0.5,21.958248138427734,2.519415855407715,2.519415855407715,0.0,0.5,2.519415855407715,6.126239895820618e-06,6.126239895820617e-06,0.0,0.5,6.126239895820618e-06,79.27106804803013
2018-09-23 20:53:00,100.0,100.0,0.0,0.5,100.0,73.3,73.3,0.0,0.5,73.3,21.95861053466797,21.95861053466797,0.0,0.5,21.95861053466797,2.519415855407715,2.519415855407715,0.0,0.5,2.519415855407715,6.126239895820618e-06,6.126239895820617e-06,0.0,0.5,6.126239895820618e-06,79.11121300652624
2018-09-23 20:53:00,100.0,100.0,0.0,0.5,100.0,73.3,73.3,0.0,0.5,73.3,21.959396362304688,21.959396362304688,0.0,0.5,21.959396362304688,2.519415855407715,2.519415855407715,0.0,0.5,2.519415855407715,6.126239895820618e-06,6.126239895820617e-06,0.0,0.5,6.126239895820618e-06,79.11152733758092
2018-09-23 20:53:00,100.0,100.0,0.0,0.5,100.0,73.3,73.46269822778041,0.0,0.5,73.3813491138902,21.960968017578125,21.957666663190153,0.0,0.5,21.95931734038414,2.519415855407715,2.519290901639626,0.0,0.5,2.5193533785236704,6.126239895820618e-06,6.126239895820617e-06,0.0,0.5,6.126239895820618e-06,79.14401038361515
2018-09-23 20:53:00,100.0,100.0,0.0,0.5,100.0,73.9,73.41388875944628,0.0,0.5,73.65694437972314,21.961212158203125,21.958657069506543,0.0,0.5,21.959934613854834,2.519415855407715,2.5193283877700523,0.0,0.5,2.5193721215888836,6.126239895820618e-06,6.126239895820617e-06,0.0,0.5,6.126239895820618e-06,79.2545028965627
2018-09-23 20:53:00,100.0,100.0,0.0,0.5,100.0,73.9,73.5597221316124,0.0,0.5,73.7298610658062,21.96169662475586,21.959423596115517,0.0,0.5,21.960560110435686,2.519415855407715,2.519354628061351,0.0,0.5,2.5193852417345326,6.126239895820618e-06,6.126239895820617e-06,0.0,0.5,6.126239895820618e-06,79.28392501768653
2018-09-23 20:53:00,100.0,100.0,0.0,0.5,100.0,74.0,73.66180549212868,0.0,0.5,73.83090274606434,21.962261199951172,21.960105504707617,0.0,0.5,21.961183352329392,2.519415855407715,2.51937299626526,0.0,0.5,2.519394425836487,6.126239895820618e-06,6.126239895820617e-06,0.0,0.5,6.126239895820618e-06,79.32459466018804
2018-09-23 20:53:00,100.0,100.0,0.0,0.5,100.0,74.0,73.76326384449007,0.0,0.5,73.88163192224503,21.962268829345703,21.96075221328068,0.0,0.5,21.961510521313194,2.519415855407715,2.519385854007996,0.0,0.5,2.5194008547078557,6.126239895820618e-06,6.126239895820617e-06,0.0,0.5,6.126239895820618e-06,79.3450197698024
2018-09-23 20:53:00,100.0,100.0,0.0,0.5,100.0,74.3,73.83428469114304,0.0,0.5,74.06714234557151,21.963970184326172,21.961207198100187,0.0,0.5,21.962588691213178,2.5374975204467773,2.5193948544279117,0.0,0.5,2.5284461874373445,6.126239895820618e-06,6.126239895820617e-06,0.0,0.5,6.126239895820618e-06,79.42327334018476
2018-09-23 20:53:00,100.0,100.0,0.0,0.5,100.0,73.7,73.97399928380013,0.0,0.5,73.83699964190006,21.964370727539062,21.96203609396798,0.0,0.5,21.963203410753522,2.549311637878418,2.524825654233571,0.0,0.5,2.5370686460559946,6.126239895820618e-06,6.126239895820617e-06,0.0,0.5,6.126239895820618e-06,79.33491112997979
2018-09-23 20:53:00,100.0,100.0,0.0,0.5,100.0,73.4,73.89179949866008,0.0,0.5,73.64589974933004,21.964920043945312,21.962736484039304,0.0,0.5,21.96382826399231,2.549311637878418,2.532171449327025,0.0,0.5,2.5407415436027216,6.126239895820618e-06,6.126239895820617e-06,0.0,0.5,6.126239895820618e-06,79.26019027326599
2018-09-23 20:53:00,100.0,100.0,0.0,0.5,100.0,73.4,73.74425964906204,0.0,0.5,73.57212982453103,21.96628189086914,21.963391552011107,0.0,0.5,21.964836721440122,2.5496320724487305,2.5373135058924428,0.0,0.5,2.5434727891705866,6.126239895820618e-06,6.126239895820617e-06,0.0,0.5,6.126239895820618e-06,79.23217818455265
2018-09-23 20:53:00,100.0,100.0,0.0,0.5,100.0,73.7,73.64098175434343,0.0,0.5,73.67049087717172,21.96639633178711,21.964258653668516,0.0,0.5,21.965327492727813,2.549910545349121,2.541009075859329,0.0,0.5,2.5454598106042248,6.126239895820618e-06,6.126239895820617e-06,0.0,0.5,6.126239895820618e-06,79.27251372269747
2018-09-23 20:53:00,100.0,100.0,0.0,0.5,100.0,73.5,73.6586872280404,0.0,0.5,73.5793436140202,21.968151092529297,21.96489995710409,0.0,0.5,21.966525524816696,2.549910545349121,2.5436795167062662,0.0,0.5,2.5467950310276937,6.126239895820618e-06,6.126239895820617e-06,0.0,0.5,6.126239895820618e-06,79.2370681184418
2018-09-23 20:53:00,100.0,100.0,0.0,0.5,100.0,73.8,73.61108105962828,0.0,0.5,73.70554052981413,21.96863555908203,21.965875297731653,0.0,0.5,21.967255428406844,2.549910545349121,2.5455488252991225,0.0,0.5,2.547729685324122,6.126239895820618e-06,6.126239895820617e-06,0.0,0.5,6.126239895820618e-06,79.288212707914
2018-09-23 20:54:00,100.0,100.0,0.0,0.5,100.0,73.7,73.6677567417398,0.0,0.5,73.6838783708699,21.97034454345703,21.966703376136767,0.0,0.5,21.968523959796897,2.5499143600463867,2.546857341314122,0.0,0.5,2.5483858506802544,6.126239895820618e-06,6.126239895820617e-06,0.0,0.5,6.126239895820618e-06,79.28031772303478
2018-09-23 20:54:00,100.0,100.0,0.0,0.5,100.0,73.4,73.67742971921786,0.0,0.5,73.53871485960893,21.97081756591797,21.967795726332845,0.0,0.5,21.969306646125407,2.5499143600463867,2.5477744469338015,0.0,0.5,2.548844403490094,6.126239895820618e-06,6.126239895820617e-06,0.0,0.5,6.126239895820618e-06,79.22274881418574
2018-09-23 20:54:00,99.0,100.0,0.05,0.5,99.5,73.9,73.9,0.0,0.5,73.9,21.971385955810547,21.971385955810547,0.0,0.5,21.971385955810547,2.5499143600463867,2.5499143600463867,0.0,0.5,2.5499143600463867,6.126239895820618e-06,6.126239895820617e-06,0.0,0.5,6.126239895820618e-06,79.16852257683874
2018-09-23 20:54:00,100.0,100.0,0.0,0.5,100.0,73.3,73.3,0.0,0.5,73.3,21.971912384033203,21.971912384033203,0.0,0.5,21.971912384033203,2.5539655685424805,2.5539655685424805,0.0,0.5,2.5539655685424805,6.126239895820618e-06,6.126239895820617e-06,0.0,0.5,6.126239895820618e-06,79.13035363152623
2018-09-23 20:54:00,100.0,100.0,0.0,0.5,100.0,73.3,73.3,0.0,0.5,73.3,21.97237777709961,21.97237777709961,0.0,0.5,21.97237777709961,2.554274559020996,2.554274559020996,0.0,0.5,2.554274559020996,6.126239895820618e-06,6.126239895820617e-06,0.0,0.5,6.126239895820618e-06,79.1306633849442
2018-09-23 20:54:00,100.0,100.0,0.0,0.5,100.0,74.0,73.48911087558419,0.0,0.5,73.74455543779209,21.97237777709961,21.970873550706475,0.0,0.5,21.97162566390304,2.554274559020996,2.551559380384617,0.0,0.5,2.5529169697028067,6.126239895820618e-06,6.126239895820617e-06,0.0,0.5,6.126239895820618e-06,79.30764167905514
2018-09-23 20:54:00,100.0,100.0,0.0,0.5,100.0,73.8,73.64237761290893,0.0,0.5,73.72118880645446,21.97283935546875,21.971324818624414,0.0,0.5,21.97208208704658,2.556757926940918,2.5523739339755305,0.0,0.5,2.5545659304582244,6.126239895820618e-06,6.126239895820617e-06,0.0,0.5,6.126239895820618e-06,79.29913718007967
2018-09-23 20:54:00,99.5,100.0,0.0,0.5,99.75,74.0,73.68966432903625,0.0,0.5,73.84483216451812,21.972957611083984,21.97177917967771,0.0,0.5,21.972368395380848,2.556757926940918,2.5536891318651467,0.0,0.5,2.5552235294030323,6.126239895820618e-06,6.126239895820617e-06,0.0,0.5,6.126239895820618e-06,79.24897208621675
2018-09-23 20:54:00,97.0,99.85,0.225,0.5,98.425,73.6,73.6,0.0,0.5,73.6,21.974376678466797,21.974376678466797,0.0,0.5,21.974376678466797,2.556879997253418,2.556879997253418,0.0,0.5,2.556879997253418,6.126239895820618e-06,6.126239895820617e-06,0.0,0.5,6.126239895820618e-06,78.62250512078404
2018-09-23 20:54:00,99.0,99.85,0.125,0.5,99.425,73.3,73.72793552122775,0.0,0.5,73.51396776061387,21.974674224853516,21.97280589990975,0.0,0.5,21.973740062381633,2.557093620300293,2.55529083844754,0.0,0.5,2.5561922293739165,6.126239895820618e-06,6.126239895820617e-06,0.0,0.5,6.126239895820618e-06,78.98756247144374
2018-09-23 20:54:00,90.9,99.85,0.625,0.5,95.375,73.4,73.59955486485941,0.0,0.5,73.49977743242971,21.975940704345703,21.97336639739288,0.0,0.5,21.97465355086929,2.557093620300293,2.555831673003366,0.0,0.5,2.5564626466518297,6.126239895820618e-06,6.126239895820617e-06,0.0,0.5,6.126239895820618e-06,77.36235990247629
2018-09-23 20:54:00,99.5,99.85,0.975,0.99999999999996947,99.674999999999983,73.3,73.53968840540159,0.0,0.99531295588770075,73.419844202700787,21.976608276367188,21.974138689478725,0.0,0.5,21.975373482922954,2.557093620300293,2.556210257192444,0.0,0.5,2.556651938746368,6.126239895820618e-06,6.126239895820617e-06,0.0,0.5,6.126239895820618e-06,56.540538213529047
2018-09-23 20:54:00,96.5,98.755,0.075,0.999,97.627499999999998,73.5,73.46778188378111,0.0,0.999,73.48389094189055,21.977558135986328,21.974879565545262,0.0,0.999,21.976218850765797,2.557093620300293,2.5564752661247985,0.0,0.999,2.5567844432125457,6.126239895820618e-06,6.126239895820617e-06,0.0,0.999,6.1262398958206168e-06,39.168048120542295
2018-09-23 20:56:00,99.5,99.74499999999999,0.075,0.80676415239127208,99.622499999999988,75.2,73.47744731864678,0.0,0.999,74.338723659323392,22.084125518798828,21.97568313667758,0.0,0.999,22.029904327738205,2.65549373626709,2.556660772377447,0.0,0.999,2.6060772543222681,6.126239895820618e-06,6.126239895820617e-06,0.0,0.999,6.1262398958206168e-06,41.350606664444093
2018-09-23 20:58:00,9.6,85.72,1.0,0.97247723013621656,47.660000000000004,73.8,73.99421312305275,0.0,0.64480254942505544,73.897106561526371,22.144065856933594,22.008215851313956,0.0,0.64480254942505544,22.076140854123775,2.6922483444213867,2.5863106615443394,0.0,0.64480254942505544,2.6392795029828631,6.126239895820618e-06,6.126239895820617e-06,0.0,0.64480254942505544,6.1262398958206168e-06,41.18395439262428
2018-09-23 20:58:00,7.0,85.72,0.325,0.99441592294370029,46.359999999999999,73.8,73.93594918613691,0.0,0.97247723013621656,73.867974593068453,22.144691467285156,22.048970852999847,0.0,0.97247723013621656,22.0968311601425,2.6922483444213867,2.6180919664074533,0.0,0.97247723013621656,2.6551701554144205,6.126239895820618e-06,6.126239895820617e-06,0.0,0.97247723013621656,6.1262398958206177e-06,29.682706756931253
2018-09-23 21:00:00,88.7,99.67149999999998,0.375,0.83896232222204292,94.185749999999985,73.9,73.89516443029584,0.0,0.99441592294370029,73.897582215147921,22.234100341796875,22.077687037285436,0.0,0.99441592294370029,22.155893689541152,2.7905263900756836,2.640338879811633,0.0,0.99441592294370029,2.7154326349436584,6.126239895820618e-06,6.126239895820617e-06,0.0,0.99441592294370029,6.1262398958206177e-06,40.060130079677599
2018-09-23 21:02:00,9.2,88.7,0.65,0.96365253377674132,48.950000000000003,74.1,73.89661510120709,0.0,0.83896232222204292,73.998307550603542,22.329639434814453,22.124611028638867,0.0,0.83896232222204292,22.22712523172666,2.8233633041381836,2.6853951328908483,0.0,0.83896232222204292,2.7543792185145159,6.126239895820618e-06,6.126239895820617e-06,0.0,0.83896232222204292,6.1262398958206168e-06,34.246962774938581
2018-09-23 21:04:00,4.6,88.7,0.025,0.82337775204850894,46.649999999999999,74.3,73.95763057084496,0.0,0.96365253377674132,74.128815285422476,22.421276092529297,22.186119550491544,0.0,0.96365253377674132,22.303697821510422,2.824347496032715,2.726785584265049,0.0,0.96365253377674132,2.775566540148882,6.126239895820618e-06,6.126239895820617e-06,0.0,0.96365253377674132,6.1262398958206177e-06,31.179662985834071
2018-09-23 21:06:00,87.2,9.2,0.05,0.71123241980284901,48.200000000000003,74.9,74.06034139959147,0.0,0.82337775204850894,74.480170699795735,22.51479721069336,22.256666513102868,0.0,0.82337775204850894,22.385731861898115,2.824347496032715,2.7560541577953486,0.0,0.82337775204850894,2.7902008269140315,6.126239895820618e-06,6.126239895820617e-06,0.0,0.82337775204850894,6.1262398958206177e-06,36.920245247472273
2018-09-23 21:06:00,75.5,93.0,0.55,0.77115368451417976,84.25,74.4,74.31223897971402,0.0,0.71123241980284901,74.356119489857022,22.515789031982422,22.334105722380013,0.0,0.71123241980284901,22.424947377181216,2.824347496032715,2.7765421592665582,0.0,0.71123241980284901,2.8004448276496365,6.126239895820618e-06,6.126239895820617e-06,0.0,0.71123241980284901,6.1262398958206168e-06,50.837190222166207
2018-09-23 21:08:00,7.6,87.2,1.0,0.99901388190139673,47.400000000000006,74.8,74.33856728579981,0.0,0.77115368451417976,74.569283642899904,22.612972259521484,22.388610715260736,0.0,0.77115368451417976,22.500791487391112,2.824347496032715,2.790883760296405,0.0,0.77115368451417976,2.8076156281645597,6.126239895820618e-06,6.126239895820617e-06,0.0,0.77115368451417976,6.1262398958206177e-06,36.065399327671003
2018-09-23 21:08:00,8.1,87.2,0.0,0.95843916173479182,47.649999999999999,74.7,74.47699710005986,0.0,0.99901388190139673,74.588498550029939,22.613006591796875,22.45591917853896,0.0,0.99901388190139673,22.534462885167915,2.824347496032715,2.8009228810172977,0.0,0.99901388190139673,2.8126351885250065,6.126239895820618e-06,6.126239895820617e-06,0.0,0.99901388190139673,6.1262398958206177e-06,29.78822503685269
2018-09-23 21:10:00,87.9,75.5,0.025,0.75198956790449056,81.699999999999989,74.9,74.5438979700419,0.0,0.95843916173479182,74.721948985020958,22.71741485595703,22.50304540251633,0.0,0.95843916173479182,22.610230129236683,2.8350934982299805,2.8079502655219226,0.0,0.95843916173479182,2.8215218818759515,6.126239895820618e-06,6.126239895820617e-06,0.0,0.95843916173479182,6.1262398958206168e-06,39.656295530208141
2018-09-23 21:11:00,20.5,87.879,0.25,0.52467384117234994,54.189500000000002,75.2,74.65072857902933,0.0,0.75198956790449056,74.925364289514675,22.812152862548828,22.56735623854854,0.0,0.75198956790449056,22.689754550548688,2.8353376388549805,2.81609323533434,0.0,0.75198956790449056,2.8257154370946607,6.126239895820618e-06,6.126239895820617e-06,0.0,0.75198956790449056,6.1262398958206168e-06,43.771990817707987
2018-09-23 21:13:00,8.8,8.8,0.95,0.9870582326664008,8.8000000000000007,75.4,75.4,0.0,0.52467384117234994,75.400000000000006,22.906288146972656,22.906288146972656,0.0,0.52467384117234994,22.906288146972656,2.8354597091674805,2.8354597091674805,0.0,0.52467384117234994,2.8354597091674805,6.126239895820618e-06,6.126239895820617e-06,0.0,0.52467384117234994,6.1262398958206168e-06,35.628818216914574
2018-09-23 21:13:00,96.0,96.0,0.35,0.99334760938978706,96.0,75.4,75.4,0.0,0.9870582326664008,75.400000000000006,22.906543731689453,22.906543731689453,0.0,0.9870582326664008,22.906543731689453,2.8354597091674805,2.8354597091674805,0.0,0.9870582326664008,2.8354597091674805,6.126239895820618e-06,6.126239895820617e-06,0.0,0.9870582326664008,6.1262398958206177e-06,39.8945252372406
2018-09-23 21:15:00,94.4,20.5,0.225,0.75198955885839613,57.450000000000003,75.6,75.6,0.0,0.99334760938978706,75.599999999999994,23.005218505859375,23.005218505859375,0.0,0.99334760938978706,23.005218505859375,2.8354597091674805,2.8354597091674805,0.0,0.99334760938978706,2.8354597091674805,6.126239895820618e-06,6.126239895820617e-06,0.0,0.99334760938978706,6.1262398958206168e-06,33.624953858044577
2018-09-23 21:17:00,15.1,9.08,0.85,0.9724772324725719,12.09,75.3,75.25951993182494,0.0,0.75198955885839613,75.279759965912476,23.099456787109375,22.844956855449354,0.0,0.75198955885839613,22.972206821279361,2.8988752365112305,2.8307972577649867,0.0,0.75198955885839613,2.8648362471381086,6.126239895820618e-06,6.126239895820617e-06,0.0,0.75198955885839613,6.1262398958206185e-06,28.440810075516804
2018-09-23 21:17:00,7.7,7.7,0.05,0.93126824125482366,7.7000000000000002,75.3,75.27166395227745,0.0,0.9724772324725719,75.285831976138724,23.099594116210938,22.92130683494736,0.0,0.9724772324725719,23.010450475579148,2.8988752365112305,2.85122065138886,0.0,0.9724772324725719,2.8750479439500451,6.126239895820618e-06,6.126239895820617e-06,0.0,0.9724772324725719,6.1262398958206177e-06,22.58189912071807
2018-09-23 21:19:00,97.9,97.9,0.125,0.62150587598778884,97.900000000000006,76.0,75.28016476659421,0.0,0.93126824125482366,75.640082383297113,23.193225860595703,22.97479301932643,0.0,0.93126824125482366,23.084009439961068,2.8998212814331055,2.8655170269255708,0.0,0.93126824125482366,2.8826691541793381,6.126239895820618e-06,6.126239895820617e-06,0.0,0.93126824125482366,6.1262398958206168e-06,45.89972353002404
2018-09-23 21:21:00,7.1,7.1,1.0,0.97943870512663533,7.1000000000000005,75.6,75.49611533661594,0.0,0.62150587598778884,75.548057668307976,23.291519165039062,23.04032287170721,0.0,0.62150587598778884,23.165921018373137,2.9327306747436523,2.875808303277831,0.0,0.62150587598778884,2.9042694890107414,6.126239895820618e-06,6.126239895820617e-06,0.0,0.62150587598778884,6.1262398958206168e-06,31.371934750043984
2018-09-23 21:23:00,3.5,3.5,0.025,0.96365253855418109,3.5,75.7,75.52728073563115,0.0,0.97943870512663533,75.613640367815577,23.386680603027344,23.115681759706764,0.0,0.97943870512663533,23.251181181367055,2.932856559753418,2.892885014717577,0.0,0.97943870512663533,2.9128707872354975,6.126239895820618e-06,6.126239895820617e-06,0.0,0.97943870512663533,6.1262398958206177e-06,21.567079065270946
2018-09-23 21:25:00,61.7,93.0,0.75,0.88017558796468842,77.350000000000009,75.8,75.8,0.0,0.96365253855418109,75.799999999999997,23.480953216552734,23.480953216552734,0.0,0.96365253855418109,23.480953216552734,2.995680809020996,2.995680809020996,0.0,0.96365253855418109,2.9956808090209961,6.126239895820618e-06,6.126239895820617e-06,0.0,0.96365253855418109,6.1262398958206168e-06,37.93764912138473
2018-09-23 21:25:00,85.5,20.5,0.6,0.95336573770627142,53.0,75.9,75.64536756045925,0.0,0.71810902781622121,75.772683780229627,23.481613159179688,23.282172953857877,0.0,0.71810902781622121,23.381893056518781,2.995680809020996,2.9321177774661287,0.0,0.71810902781622121,2.9638992932435628,6.126239895820618e-06,6.126239895820617e-06,0.0,0.71810902781622121,6.1262398958206177e-06,40.545351897392877
2018-09-23 21:27:00,48.2,14.4,0.525,0.89389476038211668,31.300000000000001,76.4,75.72175729232147,0.0,0.95336573770627142,76.060878646160745,23.598087310791016,23.34200501545442,0.0,0.95336573770627142,23.470046163122717,3.153559684753418,2.951186686932589,0.0,0.95336573770627142,3.0523731858430034,6.126239895820618e-06,6.126239895820617e-06,0.0,0.95336573770627142,6.1262398958206168e-06,28.441285395120733
2018-09-23 21:27:00,72.4,7.544499999999999,1.0,0.97797112964109156,39.972250000000003,77.1,75.92523010462503,0.0,0.89389476038211668,76.512615052312512,23.60055923461914,23.418829704055394,0.0,0.89389476038211668,23.509694469337266,3.153559684753418,3.0118985862788374,0.0,0.89389476038211668,3.0827291355161277,6.126239895820618e-06,6.126239895820617e-06,0.0,0.89389476038211668,6.1262398958206168e-06,31.421042791905176
2018-09-23 21:27:00,78.4,7.544499999999999,0.675,0.98929860723023932,42.972250000000003,76.4,76.27766107323751,0.0,0.97797112964109156,76.338830536618772,23.60137939453125,23.473348563224516,0.0,0.97797112964109156,23.537363978877881,3.153792381286621,3.0543969158212114,0.0,0.97797112964109156,3.1040946485539163,6.126239895820618e-06,6.126239895820617e-06,0.0,0.97797112964109156,6.1262398958206168e-06,29.779043456293596
2018-09-23 21:27:00,65.8,85.654,0.625,0.94324922675945255,75.72699999999999,76.5,76.31436275126626,0.0,0.98929860723023932,76.40718137563313,23.602893829345703,23.511757812616533,0.0,0.98929860723023932,23.557325820981116,3.153792381286621,3.084215555460834,0.0,0.98929860723023932,3.1190039683737276,6.126239895820618e-06,6.126239895820617e-06,0.0,0.98929860723023932,6.1262398958206168e-06,36.488638550911091
2018-09-23 21:27:00,8.1,8.1,0.2,0.74952223459042855,8.0999999999999996,76.5,76.37005392588638,0.0,0.94324922675945255,76.435026962943184,23.604331970214844,23.539098617635283,0.0,0.94324922675945255,23.571715293925063,3.153792381286621,3.10508860320857,0.0,0.94324922675945255,3.1294404922475958,6.126239895820618e-06,6.126239895820617e-06,0.0,0.94324922675945255,6.1262398958206168e-06,24.596068118643156
2018-09-23 21:29:00,4.1,4.1,0.0,0.69983854773267851,4.0999999999999996,76.6,76.40903774812047,0.0,0.74952223459042855,76.504518874060224,23.695999145507812,23.55866862340915,0.0,0.74952223459042855,23.627333884458483,3.1560888290405273,3.119699736631985,0.0,0.74952223459042855,3.1378942828362559,6.126239895820618e-06,6.126239895820617e-06,0.0,0.74952223459042855,6.1262398958206177e-06,29.03511590515113
2018-09-23 21:30:00,94.0,99.67149999999998,0.0,0.81778382120135129,96.83574999999999,76.8,76.46632642368432,0.0,0.69983854773267851,76.633163211842174,23.79064178466797,23.59986778003875,0.0,0.69983854773267851,23.695254782353356,3.156367301940918,3.1306164643545475,0.0,0.69983854773267851,3.1434918831477332,6.126239895820618e-06,6.126239895820617e-06,0.0,0.69983854773267851,6.1262398958206177e-06,55.377391001322323
2018-09-23 21:32:00,96.0,96.0,0.125,0.74779498999858474,96.0,76.9,76.56642849657902,0.0,0.81778382120135129,76.733214248289514,23.884552001953125,23.657099981427514,0.0,0.81778382120135129,23.770825991690323,3.190272331237793,3.1383417156304585,0.0,0.81778382120135129,3.1643070234341262,6.126239895820618e-06,6.126239895820617e-06,0.0,0.81778382120135129,6.1262398958206177e-06,49.681965034686257
2018-09-23 21:34:00,88.1,48.2,0.125,0.66574082108976107,68.150000000000006,77.4,76.6664999476053,0.0,0.74779498999858474,77.033249973802654,23.981178283691406,23.725335587585196,0.0,0.74779498999858474,23.853256935638299,3.190901756286621,3.1539209003126585,0.0,0.74779498999858474,3.1724113282996398,6.126239895820618e-06,6.126239895820617e-06,0.0,0.74779498999858474,6.1262398958206168e-06,47.091237320412745
2018-09-23 21:36:00,24.2,7.711149999999999,0.225,0.5935453985017356,15.955574999999998,77.1,76.88654996332372,0.0,0.66574082108976107,76.993274981661855,24.074783325195312,23.802088396417055,0.0,0.66574082108976107,23.938435860806184,3.284674644470215,3.165015157104847,0.0,0.66574082108976107,3.2248449007875313,6.126239895820618e-06,6.126239895820617e-06,0.0,0.66574082108976107,6.1262398958206168e-06,36.883714605661446
2018-09-23 21:38:00,8.6,8.6,0.4,0.61408101696931816,8.5999999999999996,77.3,76.9505849743266,0.0,0.5935453985017356,77.125292487163307,24.16956329345703,23.88389687505053,0.0,0.5935453985017356,24.026730084253781,3.3497228622436523,3.200913003314457,0.0,0.5935453985017356,3.2753179327790547,6.126239895820618e-06,6.126239895820617e-06,0.0,0.5935453985017356,6.1262398958206177e-06,37.823766296600752
2018-09-23 21:40:00,11.2,11.2,0.025,0.5370656312619293,11.199999999999999,77.4,77.05540948202861,0.0,0.61408101696931816,77.227704741014307,24.275272369384766,23.96959680057248,0.0,0.61408101696931816,24.12243458497862,3.458613395690918,3.245555960993215,0.0,0.61408101696931816,3.3520846783420661,6.126239895820618e-06,6.126239895820617e-06,0.0,0.61408101696931816,6.1262398958206168e-06,38.719392320987971
2018-09-23 21:42:00,74.1,78.4,0.3,0.61200613078199351,76.25,77.6,77.15878663742002,0.0,0.5370656312619293,77.379393318710015,24.37189483642578,24.061299471216163,0.0,0.5370656312619293,24.216597153820974,3.4923009872436523,3.3094731914025255,0.0,0.5370656312619293,3.4008870893230889,6.126239895820618e-06,6.126239895820617e-06,0.0,0.5370656312619293,6.1262398958206177e-06,65.662769203750884
2018-09-23 21:44:00,64.9,7.711149999999999,0.725,0.85451647630226502,36.305575000000005,77.8,77.29115064619401,0.0,0.61200613078199351,77.545575323096998,24.472389221191406,24.154478080779047,0.0,0.61200613078199351,24.313433650985228,3.555880546569824,3.3643215301548635,0.0,0.61200613078199351,3.4601010383623443,6.126239895820618e-06,6.126239895820617e-06,0.0,0.61200613078199351,6.1262398958206177e-06,42.883552744119712
2018-09-23 21:44:00,8.6,8.6,0.0,0.68491207928188347,8.5999999999999996,77.7,77.44380545233581,0.0,0.85451647630226502,77.571902726167906,24.4739990234375,24.249851422902754,0.0,0.85451647630226502,24.361925223170129,3.5560712814331055,3.421789235079352,0.0,0.85451647630226502,3.4889302582562287,6.126239895820618e-06,6.126239895820617e-06,0.0,0.85451647630226502,6.1262398958206168e-06,27.790245223063504
2018-09-23 21:45:00,9.1,87.94529999999999,0.0,0.81778382120135129,48.522649999999999,77.9,77.52066381663506,0.0,0.68491207928188347,77.710331908317542,24.571517944335938,24.317095703063174,0.0,0.68491207928188347,24.444306823699556,3.681551933288574,3.4620738489854777,0.0,0.68491207928188347,3.5718128911370255,6.126239895820618e-06,6.126239895820617e-06,0.0,0.68491207928188347,6.126239895820616e-06,43.35967679817864
2018-09-23 21:47:00,86.5,24.2,0.025,0.8048503572801069,55.350000000000001,78.1,77.63446467164454,0.0,0.81778382120135129,77.867232335822266,24.666366577148438,24.393422375445002,0.0,0.81778382120135129,24.529894476296718,3.7766523361206055,3.5279172742764064,0.0,0.81778382120135129,3.6522848051985055,6.126239895820618e-06,6.126239895820617e-06,0.0,0.81778382120135129,6.1262398958206177e-06,39.597641384471622
2018-09-23 21:49:00,32.1,15.099999999999998,0.925,0.81921346400092165,23.600000000000001,78.5,78.5,0.0,0.8048503572801069,78.5,24.779052734375,24.779052734375,0.0,0.8048503572801069,24.779052734374996,3.8794851303100586,3.8794851303100586,0.0,0.8048503572801069,3.8794851303100586,6.126239895820618e-06,6.126239895820617e-06,0.0,0.8048503572801069,6.1262398958206168e-06,32.377076659038607
2018-09-23 21:49:00,90.2,65.8,0.85,0.99365424778843014,78.0,79.2,79.2,0.0,0.81921346400092165,79.200000000000003,24.779800415039062,24.779800415039062,0.0,0.81921346400092165,24.779800415039062,3.8794851303100586,3.8794851303100586,0.0,0.81921346400092165,3.8794851303100586,6.126239895820618e-06,6.126239895820617e-06,0.0,0.81921346400092165,6.1262398958206177e-06,43.521587397656518
2018-09-23 21:49:00,92.9,95.75499999999998,0.25,0.85170669029916068,94.327499999999986,78.5,78.5,0.0,0.98951627807787323,78.5,24.78339385986328,24.78339385986328,0.0,0.98951627807787323,24.783393859863281,3.8794851303100586,3.8794851303100586,0.0,0.98951627807787323,3.8794851303100586,6.126239895820618e-06,6.126239895820617e-06,0.0,0.98951627807787323,6.1262398958206177e-06,41.891880402111397
2018-09-23 21:51:00,22.8,8.914639999999999,0.175,0.58745680591040195,15.857320000000001,78.7,78.39802496766185,0.0,0.85170669029916068,78.549012483830921,24.879005432128906,24.67632683020323,0.0,0.85170669029916068,24.777666131166068,3.921004295349121,3.7844921935542835,0.0,0.85170669029916068,3.8527482444517025,6.126239895820618e-06,6.126239895820617e-06,0.0,0.85170669029916068,6.1262398958206177e-06,30.803209366229577
2018-09-23 21:53:00,26.2,8.914639999999999,0.925,0.85170668383864678,17.557320000000001,78.9,78.48861747736329,0.0,0.58745680591040195,78.694308738681642,24.97585678100586,24.73713041078093,0.0,0.58745680591040195,24.856493595893397,3.9859838485717773,3.8254458240927347,0.0,0.58745680591040195,3.905714836332256,6.126239895820618e-06,6.126239895820617e-06,0.0,0.58745680591040195,6.1262398958206177e-06,39.048108472334903
2018-09-23 21:53:00,7.5,7.5,0.55,0.95963288954299075,7.5,78.9,78.6120322341543,0.0,0.85170668383864678,78.756016117077138,24.976726531982422,24.80874832184841,0.0,0.85170668383864678,24.892737426915417,3.9859838485717773,3.8736072314364476,0.0,0.85170668383864678,3.9297955400041125,6.126239895820618e-06,6.126239895820617e-06,0.0,0.85170668383864678,6.1262398958206177e-06,26.355117210762231
2018-09-23 21:55:00,7.7,7.7,0.0,0.50527084700811908,7.7000000000000002,79.1,78.69842256390801,0.0,0.95963288954299075,78.899211281953995,25.073150634765625,24.859141784888614,0.0,0.95963288954299075,24.966146209827123,4.0471906661987305,3.9073202165770464,0.0,0.95963288954299075,3.977255441387888,6.126239895820618e-06,6.126239895820617e-06,0.0,0.95963288954299075,6.1262398958206177e-06,26.599418730838615
2018-09-23 21:57:00,91.8,95.75499999999998,0.0,0.84550803030009014,93.777499999999989,79.2,78.8188957947356,0.0,0.50527084700811908,79.009447897367792,25.167747497558594,24.923344439851714,0.0,0.50527084700811908,25.045545968705156,4.080611228942871,3.9492813514635516,0.0,0.50527084700811908,4.0149462902032109,6.126239895820618e-06,6.126239895820617e-06,0.0,0.50527084700811908,6.1262398958206168e-06,70.413748185964465
2018-09-23 21:59:00,89.3,22.519999999999996,0.45,0.5691316114456475,55.909999999999997,80.2,78.93322705631492,0.0,0.84550803030009014,79.566613528157447,25.270645141601562,24.996665357163778,0.0,0.84550803030009014,25.13365524938267,4.081759452819824,3.9886803147073477,0.0,0.84550803030009014,4.0352198837635864,6.126239895820618e-06,6.126239895820617e-06,0.0,0.84550803030009014,6.1262398958206177e-06,41.670127063371289
2018-09-23 22:01:00,29.4,90.2,0.025,0.55065631945536797,59.799999999999997,79.6,79.31325893942044,0.0,0.5691316114456475,79.456629469710208,25.36951446533203,25.07885929249511,0.0,0.5691316114456475,25.224186878913571,4.081938743591309,4.016604056141091,0.0,0.5691316114456475,4.0492713998661998,6.126239895820618e-06,6.126239895820617e-06,0.0,0.5691316114456475,6.1262398958206168e-06,59.610611647367293
2018-09-23 22:02:00,17.4,7.663463499999999,0.15,0.75472933649900709,12.531731749999999,79.7,79.3992812575943,0.0,0.55065631945536797,79.549640628797135,25.470420837402344,25.166055844346186,0.0,0.55065631945536797,25.318238340874267,4.113673210144043,4.036204462376157,0.0,0.55065631945536797,4.0749388362600998,6.126239895820618e-06,6.126239895820617e-06,0.0,0.55065631945536797,6.1262398958206168e-06,41.075410805979047
2018-09-23 22:04:00,7.6,7.663463499999999,0.025,0.75472933649900709,7.6317317499999993,79.8,79.48949688031601,0.0,0.75472933649900709,79.644748440157997,25.566123962402344,25.25736534226303,0.0,0.75472933649900709,25.411744652332686,4.209437370300293,4.059445086706522,0.0,0.75472933649900709,4.134441228503408,6.126239895820618e-06,6.126239895820617e-06,0.0,0.75472933649900709,6.1262398958206168e-06,30.957501331310095
2018-09-23 22:06:00,58.9,8.914639999999999,0.55,0.52394467197796679,33.907319999999999,79.9,79.5826478162212,0.0,0.75472933649900709,79.741323908110601,25.661865234375,25.34999292830482,0.0,0.75472933649900709,25.505929081339911,4.274874687194824,4.104442771784653,0.0,0.75472933649900709,4.1896587294897385,6.126239895820618e-06,6.126239895820617e-06,0.0,0.75472933649900709,6.1262398958206168e-06,40.460011459083674
2018-09-23 22:06:00,63.9,8.914639999999999,0.75,0.92198246474106027,36.407319999999999,80.0,80.0,0.0,0.52394467197796679,80.0,25.662822723388672,25.662822723388672,0.0,0.52394467197796679,25.662822723388672,4.274874687194824,4.274874687194824,0.0,0.52394467197796679,4.2748746871948242,6.126239895820618e-06,6.126239895820617e-06,0.0,0.52394467197796679,6.1262398958206168e-06,48.49456803702666
2018-09-23 22:06:00,6.7,6.7,0.025,0.66814936617589071,6.6999999999999993,79.9,79.77449742994838,0.0,0.92198246474106027,79.837248714974194,25.666484832763672,25.50933505110471,0.0,0.92198246474106027,25.587909941934189,4.274874687194824,4.19136304864384,0.0,0.92198246474106027,4.2331188679193321,6.126239895820618e-06,6.126239895820617e-06,0.0,0.92198246474106027,6.1262398958206168e-06,26.711700508000852
2018-09-23 22:08:00,82.3,29.4,0.05,0.80970894533467441,55.850000000000001,80.3,79.81214820096386,0.0,0.66814936617589071,80.056074100481922,25.763729095458984,25.556479985602397,0.0,0.66814936617589071,25.660104540530693,4.377997398376465,4.216416540209135,0.0,0.66814936617589071,4.2972069692927999,6.126239895820618e-06,6.126239895820617e-06,0.0,0.66814936617589071,6.1262398958206177e-06,47.630326630195668
2018-09-23 22:10:00,95.9,95.9,0.775,0.70142270084659186,95.900000000000006,79.6,79.9585037406747,0.0,0.80970894533467441,79.779251870337362,25.979671478271484,25.61865471855937,0.0,0.80970894533467441,25.799163098415423,4.494959831237793,4.2648907976593335,0.0,0.80970894533467441,4.3799253144485633,6.126239895820618e-06,6.126239895820617e-06,0.0,0.80970894533467441,6.1262398958206177e-06,52.244883765917578
2018-09-23 22:10:00,33.8,17.68,0.75,0.96712540314850215,25.739999999999995,79.2,79.85095261847229,0.0,0.70142270084659186,79.52547630923614,25.980228424072266,25.726959746473003,0.0,0.70142270084659186,25.853594085272636,4.49594783782959,4.333911507732871,0.0,0.70142270084659186,4.4149296727812315,6.126239895820618e-06,6.126239895820617e-06,0.0,0.70142270084659186,6.1262398958206168e-06,35.923829514613608
2018-09-23 22:12:00,11.1,11.1,0.25,0.80411311173726996,11.1,79.3,79.6556668329306,0.0,0.96712540314850215,79.477833416465302,26.07781982421875,25.80294034975278,0.0,0.96712540314850215,25.940380086985765,4.593108177185059,4.382522406761886,0.0,0.96712540314850215,4.4878152919734715,6.126239895820618e-06,6.126239895820617e-06,0.0,0.96712540314850215,6.1262398958206177e-06,25.896856912161148
2018-09-23 22:14:00,14.1,14.1,0.075,0.65850407103105624,14.1,79.5,79.54896678305141,0.0,0.80411311173726996,79.524483391525706,26.17510986328125,25.885404192092572,0.0,0.80411311173726996,26.030257027686911,4.5980939865112305,4.445698137888838,0.0,0.80411311173726996,4.5218960622000335,6.126239895820618e-06,6.126239895820617e-06,0.0,0.80411311173726996,6.1262398958206177e-06,32.045944781950993
2018-09-23 22:16:00,71.5,64.9,0.05,0.7832264229975312,68.200000000000003,79.8,79.53427674813598,0.0,0.65850407103105624,79.667138374067989,26.27042007446289,25.97231589344917,0.0,0.65850407103105624,26.121367983956031,4.5994977951049805,4.491416892475556,0.0,0.65850407103105624,4.5454573437902681,6.126239895820618e-06,6.126239895820617e-06,0.0,0.65850407103105624,6.1262398958206177e-06,52.245036460529349
2018-09-23 22:18:00,92.9,29.4,0.325,0.62350370158826096,61.149999999999999,80.4,79.61399372369519,0.0,0.7832264229975312,80.006996861847597,26.372413635253906,26.061747147753287,0.0,0.7832264229975312,26.217080391503597,4.6699323654174805,4.5238411632643825,0.0,0.7832264229975312,4.5968867643409315,6.126239895820618e-06,6.126239895820617e-06,0.0,0.7832264229975312,6.1262398958206177e-06,45.780678335518459
2018-09-23 22:19:00,54.1,72.4,0.175,0.560113987172707,63.250000000000007,80.0,79.84979560658662,0.0,0.65040787791331023,79.924897803293319,26.469806671142578,26.15494709400347,0.0,0.65040787791331023,26.312376882573027,4.793723106384277,4.567668523910312,0.0,0.65040787791331023,4.6806958151472946,6.126239895820618e-06,6.126239895820617e-06,0.0,0.65040787791331023,6.1262398958206168e-06,55.086020266946655
2018-09-23 22:19:00,79.9,95.79849999999998,0.675,0.69399279043064865,87.849249999999998,80.1,79.89485692461064,0.0,0.560113987172707,79.997428462305322,26.470722198486328,26.249404967145203,0.0,0.560113987172707,26.360063582815769,4.793723106384277,4.635484898652502,0.0,0.560113987172707,4.7146040025183895,6.126239895820618e-06,6.126239895820617e-06,0.0,0.560113987172707,6.1262398958206177e-06,67.788320689300235
2018-09-23 22:21:00,6.6,6.6,0.85,0.96222278910396342,6.5999999999999996,80.2,79.95639984722744,0.0,0.69399279043064865,80.07819992361371,26.56859588623047,26.315800136547537,0.0,0.69399279043064865,26.442198011389003,4.858454704284668,4.6829563609720335,0.0,0.69399279043064865,4.7707055326283507,6.126239895820618e-06,6.126239895820617e-06,0.0,0.69399279043064865,6.1262398958206185e-06,31.536916260806606
2018-09-23 22:21:00,87.9,32.38,0.025,0.71029025767269416,60.140000000000001,80.2,80.2,0.0,0.96222278910396342,80.200000000000003,26.568828582763672,26.568828582763672,0.0,0.96222278910396342,26.568828582763672,4.858454704284668,4.858454704284668,0.0,0.96222278910396342,4.858454704284668,6.126239895820618e-06,6.126239895820617e-06,0.0,0.96222278910396342,6.1262398958206168e-06,37.675028434381183
2018-09-23 22:23:00,40.8,11.120999999999999,1.0,0.79854326384601348,25.960499999999996,80.7,80.7,0.0,0.71029025767269416,80.700000000000003,26.667198181152344,26.667198181152344,0.0,0.71029025767269416,26.667198181152344,4.982993125915527,4.982993125915527,0.0,0.71029025767269416,4.9829931259155273,6.126239895820618e-06,6.126239895820617e-06,0.0,0.71029025767269416,6.1262398958206168e-06,38.000531428037341
2018-09-23 22:23:00,9.2,87.93171,0.425,0.94396449879368083,48.565854999999999,80.5,80.5,0.0,0.79854326384601348,80.5,26.668487548828125,26.668487548828125,0.0,0.79854326384601348,26.668487548828125,4.982993125915527,4.982993125915527,0.0,0.79854326384601348,4.9829931259155273,6.126239895820618e-06,6.126239895820617e-06,0.0,0.79854326384601348,6.1262398958206177e-06,38.838085901404682
2018-09-23 22:25:00,11.8,7.644424449999999,0.0,0.61499291949716373,9.7222122249999998,80.6,80.3365116033193,0.0,0.94396449879368083,80.468255801659652,26.763439178466797,26.55860781383486,0.0,0.94396449879368083,26.661023496150829,5.043597221374512,4.8798321470870425,0.0,0.94396449879368083,4.9617146842307767,6.126239895820618e-06,6.126239895820617e-06,0.0,0.94396449879368083,6.1262398958206168e-06,27.742507022100483
2018-09-23 22:27:00,8.6,91.41499999999999,1.0,0.78505984909992144,50.007499999999993,80.7,80.4155581223235,0.0,0.61499291949716373,80.557779061161753,26.85834503173828,26.62005722322444,0.0,0.61499291949716373,26.739201127481358,5.168784141540527,4.928961669373283,0.0,0.61499291949716373,5.0488729054569053,6.126239895820618e-06,6.126239895820617e-06,0.0,0.61499291949716373,6.1262398958206177e-06,50.031365755636401
2018-09-23 22:27:00,31.5,8.8801736,1.0,0.99621540310151835,20.1900868,80.7,80.50089068562644,0.0,0.78505984909992144,80.600445342813217,26.858612060546875,26.691543565778588,0.0,0.78505984909992144,26.775077813162731,5.168784141540527,5.000908411023456,0.0,0.78505984909992144,5.0848462762819917,6.126239895820618e-06,6.126239895820617e-06,0.0,0.78505984909992144,6.1262398958206168e-06,32.06863577343902
2018-09-23 22:27:00,86.7,54.1,0.15,0.85804854189598756,70.400000000000006,81.4,80.5606234799385,0.0,0.99621540310151835,80.980311739969252,26.859344482421875,26.741664114209073,0.0,0.99621540310151835,26.800504298315474,5.168784141540527,5.051271130178577,0.0,0.99621540310151835,5.1100276358595531,6.126239895820618e-06,6.126239895820617e-06,0.0,0.99621540310151835,6.1262398958206177e-06,37.847253812372095
2018-09-23 22:29:00,87.0,54.1,0.075,0.7481304876162983,70.550000000000011,81.2,80.81243643595695,0.0,0.85804854189598756,81.006218217978486,26.962993621826172,26.77696822467291,0.0,0.85804854189598756,26.869980923249539,5.293135643005371,5.0865250335871615,0.0,0.85804854189598756,5.1898303382962672,6.126239895820618e-06,6.126239895820617e-06,0.0,0.85804854189598756,6.1262398958206168e-06,43.923869735176936
2018-09-23 22:31:00,94.4,94.4,0.0,0.82915076868751481,94.400000000000006,81.3,80.92870550516986,0.0,0.7481304876162983,81.114352752584935,27.061134338378906,26.832775843818887,0.0,0.7481304876162983,26.946955091098893,5.296420097351074,5.148508216412624,0.0,0.7481304876162983,5.2224641568818493,6.126239895820618e-06,6.126239895820617e-06,0.0,0.7481304876162983,6.1262398958206168e-06,54.343684922567249
2018-09-23 22:33:00,6.1,6.1,0.825,0.67730194212801331,6.1000000000000005,81.6,81.0400938536189,0.0,0.82915076868751481,81.320046926809454,27.162097930908203,26.90128339218689,0.0,0.82915076868751481,27.031690661547547,5.328986167907715,5.192881780694159,0.0,0.82915076868751481,5.2609339743009365,6.126239895820618e-06,6.126239895820617e-06,0.0,0.82915076868751481,6.1262398958206177e-06,29.973841937401403
2018-09-23 22:33:00,88.1,40.8,0.0,0.67730194212801331,64.449999999999989,81.6,81.20806569753321,0.0,0.67730194212801331,81.404032848766605,27.162254333496094,26.979527753803282,0.0,0.67730194212801331,27.070891043649688,5.328986167907715,5.233713096858225,0.0,0.67730194212801331,5.2813496323829696,6.126239895820618e-06,6.126239895820617e-06,0.0,0.67730194212801331,6.1262398958206168e-06,52.62240326408434
2018-09-23 22:35:00,94.9,94.9,0.175,0.77717398686727135,94.900000000000006,81.6,81.32564598827324,0.0,0.67730194212801331,81.462822994136616,27.26028823852539,27.034345727711127,0.0,0.67730194212801331,27.147316983118262,5.361742973327637,5.262295018173072,0.0,0.67730194212801331,5.3120189957503543,6.126239895820618e-06,6.126239895820617e-06,0.0,0.67730194212801331,6.1262398958206168e-06,59.896528765687307
2018-09-23 22:37:00,4.0,87.98219699999999,0.825,0.7850598409100743,45.991098499999985,81.9,81.40795219179125,0.0,0.77717398686727135,81.653976095895629,27.359718322753906,27.102128480955404,0.0,0.77717398686727135,27.230923401854657,5.426592826843262,5.292129404719441,0.0,0.77717398686727135,5.3593611157813523,6.126239895820618e-06,6.126239895820617e-06,0.0,0.77717398686727135,6.1262398958206177e-06,41.151878532801391
2018-09-23 22:37:00,21.7,86.93209999999999,0.3,0.8472146171402174,54.31604999999999,81.9,81.55556653425387,0.0,0.7850598409100743,81.727783267126924,27.359996795654297,27.179405433494953,0.0,0.7850598409100743,27.26970111457462,5.426592826843262,5.332468431356586,0.0,0.7850598409100743,5.3795306290999241,6.126239895820618e-06,6.126239895820617e-06,0.0,0.7850598409100743,6.1262398958206168e-06,42.305960633060621
2018-09-23 22:38:00,55.3,80.11,1.0,0.91209820144132348,67.704999999999998,82.0,81.6588965739777,0.0,0.8472146171402174,81.82944828698885,27.454402923583984,27.233582842142752,0.0,0.8472146171402174,27.343992882863368,5.46982479095459,5.360705750002589,0.0,0.8472146171402174,5.4152652704785895,6.126239895820618e-06,6.126239895820617e-06,0.0,0.8472146171402174,6.1262398958206168e-06,42.384456890256871
2018-09-23 22:38:00,86.2,94.55,0.125,0.8472146171402174,90.374999999999986,82.2,81.76122760178438,0.0,0.91209820144132348,81.980613800892186,27.455299377441406,27.29982886657512,0.0,0.91209820144132348,27.377564122008263,5.46982479095459,5.393441462288189,0.0,0.91209820144132348,5.4316331266213895,6.126239895820618e-06,6.126239895820617e-06,0.0,0.91209820144132348,6.1262398958206168e-06,45.636728894615914
2018-09-23 22:40:00,93.9,93.9,0.0,0.80420824960925297,93.900000000000006,82.5,81.89285932124906,0.0,0.8472146171402174,82.196429660624517,27.567127227783203,27.346470019835003,0.0,0.8472146171402174,27.456798623809107,5.502890586853027,5.416356460888109,0.0,0.8472146171402174,5.4596235238705688,6.126239895820618e-06,6.126239895820617e-06,0.0,0.8472146171402174,6.1262398958206168e-06,49.847253092542836
2018-09-23 22:40:00,16.8,7.644424449999999,0.35,0.70607510980571464,12.222212225000002,82.4,82.07500152487434,0.0,0.83185771243626283,82.237500762437165,27.568634033203125,27.412667182219465,0.0,0.83185771243626283,27.490650607711292,5.503127098083496,5.442316698677584,0.0,0.83185771243626283,5.4727218983805406,6.126239895820618e-06,6.126239895820617e-06,0.0,0.83185771243626283,6.1262398958206168e-06,31.591149956788641
2018-09-23 22:42:00,8.2,87.98219699999999,0.0,0.70607510980571464,48.091098499999994,82.6,82.17250106741203,0.0,0.70607510980571464,82.386250533706004,27.66427230834961,27.459457237514563,0.0,0.70607510980571464,27.561864772932086,5.538653373718262,5.460559818499357,0.0,0.70607510980571464,5.4996065961088094,6.126239895820618e-06,6.126239895820617e-06,0.0,0.70607510980571464,6.1262398958206177e-06,46.323351229300954
2018-09-23 22:44:00,22.7,55.3,0.05,0.86463686624333824,39.0,82.6,82.30075074718842,0.0,0.70607510980571464,82.450375373594198,27.758880615234375,27.520901758765078,0.0,0.70607510980571464,27.639891186999726,5.543055534362793,5.483987885065028,0.0,0.70607510980571464,5.5135217097139106,6.126239895820618e-06,6.126239895820617e-06,0.0,0.70607510980571464,6.1262398958206177e-06,41.910117086419113
2018-09-23 22:46:00,84.8,92.9,1.0,0.77738708091553721,88.849999999999994,82.8,82.39052552303188,0.0,0.86463686624333824,82.59526276151594,27.85650634765625,27.592295415705863,0.0,0.86463686624333824,27.724400881681056,5.578082084655762,5.501708179854358,0.0,0.86463686624333824,5.5398951322550589,6.126239895820618e-06,6.126239895820617e-06,0.0,0.86463686624333824,6.1262398958206177e-06,48.326895206718703
2018-09-23 22:46:00,62.9,62.9,0.05,0.77738708091553721,62.899999999999999,82.8,82.51336786612231,0.0,0.77738708091553721,82.65668393306116,27.857452392578125,27.671558695290976,0.0,0.77738708091553721,27.764505543934551,5.57840633392334,5.524620351294779,0.0,0.77738708091553721,5.5515133426090593,6.126239895820618e-06,6.126239895820617e-06,0.0,0.77738708091553721,6.1262398958206168e-06,46.018955893937502
2018-09-23 22:46:00,11.3,11.3,0.075,0.83185771069069048,11.300000000000001,82.8,82.59935750628561,0.0,0.77738708091553721,82.699678753142805,27.858978271484375,27.727326804477116,0.0,0.77738708091553721,27.793152537980745,5.57840633392334,5.540756146083346,0.0,0.77738708091553721,5.5595812400033431,6.126239895820618e-06,6.126239895820617e-06,0.0,0.77738708091553721,6.1262398958206168e-06,32.311418196292848
2018-09-23 22:48:00,55.9,85.81779999999999,0.275,0.70607510023419828,70.858900000000006,82.9,82.65955025439993,0.0,0.83185771069069048,82.779775127199969,27.955631256103516,27.766822244579288,0.0,0.83185771069069048,27.861226750341402,5.643237113952637,5.552051202435344,0.0,0.83185771069069048,5.5976441581939902,6.126239895820618e-06,6.126239895820617e-06,0.0,0.83185771069069048,6.1262398958206168e-06,46.385837731767104
2018-09-23 22:48:00,84.3,62.89999999999999,0.0,0.7523216603386732,73.599999999999994,83.0,82.73168517807994,0.0,0.70607510023419828,82.865842589039971,27.95669937133789,27.823464948036555,0.0,0.70607510023419828,27.890082159687221,5.643237113952637,5.579406975890532,0.0,0.70607510023419828,5.611322044921585,6.126239895820618e-06,6.126239895820617e-06,0.0,0.70607510023419828,6.1262398958206168e-06,53.113594242088887
2018-09-23 22:50:00,28.7,84.89499999999998,0.05,0.86463686624333824,56.797499999999992,83.3,82.81217962465595,0.0,0.7523216603386732,83.056089812327969,28.059280395507812,27.863435275026955,0.0,0.7523216603386732,27.961357835267385,5.737814903259277,5.598556017309162,0.0,0.7523216603386732,5.668185460284219,6.126239895820618e-06,6.126239895820617e-06,0.0,0.7523216603386732,6.1262398958206177e-06,44.78228310235405
2018-09-23 22:52:00,6.6,6.6,0.05,0.84330927108940046,6.5999999999999996,83.4,82.95852573725917,0.0,0.86463686624333824,83.179262868629579,28.1561279296875,27.92218881117121,0.0,0.86463686624333824,28.039158370429355,5.770857810974121,5.640333683094196,0.0,0.86463686624333824,5.7055957470341578,6.126239895820618e-06,6.126239895820617e-06,0.0,0.86463686624333824,6.1262398958206177e-06,28.714118272889657
2018-09-23 22:54:00,95.0,95.0,0.0,0.86463686624333824,95.0,84.3,83.0909680160814,0.0,0.84330927108940046,83.69548400804068,28.255218505859375,27.992370546726097,0.0,0.84330927108940046,28.123794526292734,5.771540641784668,5.679490921458173,0.0,0.84330927108940046,5.7255157816214206,6.126239895820618e-06,6.126239895820617e-06,0.0,0.84330927108940046,6.1262398958206177e-06,50.153639046308925
2018-09-23 22:56:00,85.4,85.4,0.075,0.85423515412284656,85.400000000000006,83.9,83.45367761125698,0.0,0.86463686624333824,83.676838805628492,28.37823486328125,28.071224934466077,0.0,0.86463686624333824,28.224729898873662,5.808829307556152,5.707105837556122,0.0,0.86463686624333824,5.7579675725561366,6.126239895820618e-06,6.126239895820617e-06,0.0,0.86463686624333824,6.1262398958206177e-06,47.083185112133471
2018-09-23 22:56:00,23.7,6.601329999999998,0.775,0.65189452490699173,15.150664999999998,83.8,83.58757432787988,0.0,0.85423515412284656,83.693787163939945,28.379627227783203,28.163327913110628,0.0,0.85423515412284656,28.271477570446919,5.808829307556152,5.737622878556131,0.0,0.85423515412284656,5.7732260930561417,6.126239895820618e-06,6.126239895820617e-06,0.0,0.85423515412284656,6.1262398958206168e-06,32.660247303116719
2018-09-23 22:56:00,8.6,8.6,0.025,0.61684341499798567,8.5999999999999996,83.8,83.6513020295159,0.0,0.65189452490699173,83.725651014757943,28.37976837158203,28.2282177075124,0.0,0.65189452490699173,28.303993039547215,5.808829307556152,5.758984807256137,0.0,0.65189452490699173,5.7839070574061449,6.126239895820618e-06,6.126239895820617e-06,0.0,0.65189452490699173,6.1262398958206168e-06,39.205034659563026
2018-09-23 22:57:00,8.2,8.653285063999999,0.0,0.87451805714943498,8.4266425319999989,84.0,84.0,0.0,0.61684341499798567,84.0,28.475021362304688,28.475021362304688,0.0,0.61684341499798567,28.475021362304684,5.80991268157959,5.80991268157959,0.0,0.61684341499798567,5.8099126815795898,6.126239895820618e-06,6.126239895820617e-06,0.0,0.61684341499798567,6.1262398958206177e-06,37.916124586619482
2018-09-23 22:59:00,5.1,8.517299544799998,0.175,0.80738298018792332,6.808649772399999,84.2,84.2,0.0,0.87451805714943498,84.200000000000003,28.568790435791016,28.568790435791016,0.0,0.87451805714943498,28.568790435791016,5.81009578704834,5.81009578704834,0.0,0.87451805714943498,5.8100957870483398,6.126239895820618e-06,6.126239895820617e-06,0.0,0.87451805714943498,6.1262398958206177e-06,29.122946597055485
2018-09-23 23:01:00,72.7,6.601329999999998,0.025,0.794368511303855,39.650664999999996,84.4,84.4,0.0,0.80738298018792332,84.400000000000006,28.6651611328125,28.6651611328125,0.0,0.80738298018792332,28.6651611328125,5.810317039489746,5.810317039489746,0.0,0.80738298018792332,5.8103170394897461,6.126239895820618e-06,6.126239895820617e-06,0.0,0.80738298018792332,6.1262398958206168e-06,39.396141126076891
2018-09-23 23:03:00,93.4,93.4,0.175,0.794368511303855,93.400000000000006,84.5,84.05769761728676,0.0,0.794368511303855,84.278848808643389,28.76392364501953,28.482695708628167,0.0,0.794368511303855,28.623309676823848,5.810492515563965,5.7977331792890014,0.0,0.794368511303855,5.8041128474264827,6.126239895820618e-06,6.126239895820617e-06,0.0,0.794368511303855,6.1262398958206168e-06,53.402488754492083
2018-09-23 23:03:00,52.3,84.89499999999998,0.025,0.794368511303855,68.597499999999982,84.4,84.19038833210072,0.0,0.794368511303855,84.295194166050365,28.764266967773438,28.567064089545575,0.0,0.794368511303855,28.665665528659506,5.810492515563965,5.801560980171491,0.0,0.794368511303855,5.8060267478677279,6.126239895820618e-06,6.126239895820617e-06,0.0,0.794368511303855,6.1262398958206168e-06,47.173167088731304
2018-09-23 23:03:00,7.6,8.517299544799998,0.45,0.62128441475575802,8.058649772399999,84.4,84.2532718324705,0.0,0.794368511303855,84.326635916235247,28.76553726196289,28.62622495301393,0.0,0.794368511303855,28.695881107488411,5.810492515563965,5.804240440789233,0.0,0.794368511303855,5.8073664781765979,6.126239895820618e-06,6.126239895820617e-06,0.0,0.794368511303855,6.1262398958206168e-06,33.402634238951563
2018-09-23 23:05:00,7.1,7.1,0.0,0.60532794069087759,7.0999999999999996,84.3,84.29729028272935,0.0,0.58674744455760319,84.298645141364673,28.86245346069336,28.668018645698616,0.0,0.58674744455760319,28.765236053195988,5.850428581237793,5.806116063221651,0.0,0.58674744455760319,5.8282723222297221,6.126239895820618e-06,6.126239895820617e-06,0.0,0.58674744455760319,6.1262398958206177e-06,42.675677768538058
2018-09-23 23:07:00,8.7,8.7,0.0,0.87091700626317792,8.6999999999999993,84.4,84.29810319791054,0.0,0.60532794069087759,84.34905159895527,28.95779037475586,28.72634909019704,0.0,0.60532794069087759,28.842069732476453,5.887175559997559,5.819409818626494,0.0,0.60532794069087759,5.8532926893120267,6.126239895820618e-06,6.126239895820617e-06,0.0,0.60532794069087759,6.1262398958206177e-06,38.801805436124027
2018-09-23 23:09:00,8.5,8.572109681359999,0.0,0.87091700626317792,8.5360548406800003,84.6,84.32867223853737,0.0,0.87091700626317792,84.464336119268665,29.066883087158203,28.795781475564684,0.0,0.87091700626317792,28.931332281361446,5.898787498474121,5.839739541037813,0.0,0.87091700626317792,5.8692635197559673,6.126239895820618e-06,6.126239895820617e-06,0.0,0.87091700626317792,6.1262398958206168e-06,29.348604279909178
2018-09-23 23:10:00,16.3,8.550476776952,0.3,0.71055965377796648,12.425238388476,84.8,84.41007056697615,0.0,0.87091700626317792,84.605035283488064,29.162281036376953,28.877111959042736,0.0,0.87091700626317792,29.019696497709845,5.899001121520996,5.857453928268704,0.0,0.87091700626317792,5.8782275248948501,6.126239895820618e-06,6.126239895820617e-06,0.0,0.87091700626317792,6.1262398958206168e-06,31.454707260333883
2018-09-23 23:12:00,93.9,52.29999999999999,0.65,0.75564575931574951,73.099999999999994,85.0,84.52704939688329,0.0,0.71055965377796648,84.763524698441657,29.260520935058594,28.962662682243,0.0,0.71055965377796648,29.111591808650797,5.9311933517456055,5.869918086244391,0.0,0.71055965377796648,5.9005557189949984,6.126239895820618e-06,6.126239895820617e-06,0.0,0.71055965377796648,6.1262398958206177e-06,53.608081383385702
2018-09-23 23:14:00,12.2,93.58919999999999,0.6,0.89761541513537924,52.894599999999997,85.0,84.6689345778183,0.0,0.75564575931574951,84.834467288909138,29.409488677978516,29.052020158087675,0.0,0.75564575931574951,29.230754418033094,5.978091239929199,5.888300665894755,0.0,0.75564575931574951,5.9331959529119773,6.126239895820618e-06,6.126239895820617e-06,0.0,0.75564575931574951,6.1262398958206177e-06,44.103130462774956
2018-09-23 23:16:00,36.7,86.93209999999999,0.175,0.63927819892184734,61.816049999999997,85.2,84.76825420447281,0.0,0.89761541513537924,84.9841271022364,29.506099700927734,29.159260714054927,0.0,0.89761541513537924,29.332680207491332,5.978976249694824,5.915237838105089,0.0,0.89761541513537924,5.9471070438999574,6.126239895820618e-06,6.126239895820617e-06,0.0,0.89761541513537924,6.1262398958206177e-06,43.047557658302047
2018-09-23 23:18:00,78.2,28.7,0.6,0.63927819892184734,53.45000000000001,85.4,84.89777794313096,0.0,0.63927819892184734,85.148888971565484,29.603302001953125,29.263312410116768,0.0,0.63927819892184734,29.433307206034947,5.979598045349121,5.934359361582009,0.0,0.63927819892184734,5.9569787034655652,6.126239895820618e-06,6.126239895820617e-06,0.0,0.63927819892184734,6.1262398958206168e-06,54.433009384878552
2018-09-23 23:20:00,97.5,97.5,0.425,0.79850511720139716,97.5,85.7,85.04844456019167,0.0,0.63927819892184734,85.374222280095836,29.698535919189453,29.36530928766767,0.0,0.63927819892184734,29.531922603428566,6.012328147888184,5.947930966712143,0.0,0.63927819892184734,5.9801295573001632,6.126239895820618e-06,6.126239895820617e-06,0.0,0.63927819892184734,6.1262398958206168e-06,65.080794725839311
2018-09-23 23:22:00,32.7,78.34,0.1,0.54903883328297143,55.520000000000003,85.9,85.24391119213416,0.0,0.79850511720139716,85.571955596067085,29.798858642578125,29.4652772771242,0.0,0.79850511720139716,29.63206795985116,6.045546531677246,5.967250121064955,0.0,0.79850511720139716,6.0063983263711007,6.126239895820618e-06,6.126239895820617e-06,0.0,0.79850511720139716,6.1262398958206168e-06,47.215503080572852
2018-09-23 23:24:00,95.5,95.5,0.275,0.65949724221358419,95.5,86.0,85.44073783449392,0.0,0.54903883328297143,85.720368917246958,29.894855499267578,29.56535168676038,0.0,0.54903883328297143,29.730103593013983,6.078448295593262,5.990739044248643,0.0,0.54903883328297143,6.0345936699209526,6.126239895820618e-06,6.126239895820617e-06,0.0,0.54903883328297143,6.1262398958206177e-06,75.984408670642097
2018-09-23 23:26:00,44.9,95.70894999999999,0.2,0.58674742924363599,70.304474999999996,86.3,85.60851648414574,0.0,0.65949724221358419,85.954258242072868,29.99074935913086,29.664202830512536,0.0,0.65949724221358419,29.827476094821701,6.172942161560059,6.017051819652028,0.0,0.65949724221358419,6.0949969906060435,6.126239895820618e-06,6.126239895820617e-06,0.0,0.65949724221358419,6.126239895820616e-06,59.595944824232333
2018-09-23 23:26:00,69.5,92.9,0.5,0.58418092484287709,81.200000000000003,86.0,85.81596153890202,0.0,0.58674742924363599,85.907980769451001,29.991981506347656,29.762166789098032,0.0,0.58674742924363599,29.877074147722844,6.172942161560059,6.063818922224438,0.0,0.58674742924363599,6.1183805418922486,6.126239895820618e-06,6.126239895820617e-06,0.0,0.58674742924363599,6.1262398958206168e-06,69.290896506583195
2018-09-23 23:26:00,89.8,89.8,0.025,0.54903884318964069,89.799999999999997,86.2,85.8711730772314,0.0,0.58418092484287709,86.035586538615703,29.99291229248047,29.831111204272915,0.0,0.58418092484287709,29.912011748376695,6.172942161560059,6.096555894025124,0.0,0.58418092484287709,6.1347490277925907,6.126239895820618e-06,6.126239895820617e-06,0.0,0.58418092484287709,6.1262398958206177e-06,73.423350090675441
2018-09-23 23:27:00,43.8,69.5,0.075,0.82609128706232915,56.649999999999999,86.1,85.96982115406198,0.0,0.54903884318964069,86.034910577030985,30.08948516845703,29.87965153073518,0.0,0.54903884318964069,29.984568349596106,6.267806053161621,6.119471774285604,0.0,0.54903884318964069,6.1936389137236123,6.126239895820618e-06,6.126239895820617e-06,0.0,0.54903884318964069,6.1262398958206177e-06,59.182172767192547
2018-09-23 23:27:00,16.0,93.58919999999999,0.325,0.64174054312616846,54.794600000000003,86.1,86.00887480784337,0.0,0.82609128706232915,86.054437403921682,30.090919494628906,29.942601622051733,0.0,0.82609128706232915,30.016760558340319,6.267806053161621,6.163972057948409,0.0,0.82609128706232915,6.2158890555550155,6.126239895820618e-06,6.126239895820617e-06,0.0,0.82609128706232915,6.1262398958206185e-06,44.875050744606874
2018-09-23 23:29:00,17.6,93.58919999999999,0.125,0.60532794069087759,55.594599999999993,86.2,86.03621236549034,0.0,0.64174054312616846,86.118106182745166,30.184955596923828,29.987096983824884,0.0,0.64174054312616846,30.086026290374356,6.362502098083496,6.195122256512372,0.0,0.64174054312616846,6.2788121772979339,6.126239895820618e-06,6.126239895820617e-06,0.0,0.64174054312616846,6.1262398958206168e-06,56.135329500892972
2018-09-23 23:31:00,62.9,62.9,0.075,0.772445827725874,62.899999999999999,86.3,86.08534865584323,0.0,0.60532794069087759,86.192674327921608,30.28057098388672,30.046454567754566,0.0,0.60532794069087759,30.163512775820642,6.486224174499512,6.245336208983709,0.0,0.60532794069087759,6.3657801917416101,6.126239895820618e-06,6.126239895820617e-06,0.0,0.60532794069087759,6.1262398958206177e-06,58.120244934832577
2018-09-23 23:31:00,67.9,67.9,0.15,0.75770819088484265,67.900000000000006,86.4,86.14974405909025,0.0,0.772445827725874,86.274872029545136,30.281394958496094,30.11668949259421,0.0,0.772445827725874,30.199042225545153,6.486224174499512,6.317602598638449,0.0,0.772445827725874,6.4019133865689799,6.126239895820618e-06,6.126239895820617e-06,0.0,0.772445827725874,6.126239895820616e-06,49.584471773160615
