timestamp,cpu,cpu prediction,cpu_anomalyscore,cpu_anamolyLikelihood,Uc,mem_used,mem_prediction,mem_anomalyScore,mem_anomalyLikelihood,Um,disk_write_bytes,disk_prediction,disk_anomalyScore,disk_anomalyLikelihood,Udw,disk_read_bytes,disk_read_prediction,disk_read_anomalyScore,disk_read_anomalyLikelihood,Udr,net_s,net_s_prediction,net_s_anomalyScore,net_s_anomalyLikelihood,udnet,Udw,Udr,totalUM,Udnet
13:36:00,81.1,81.1,1,0.5,81.1,56.3,56.3,1,0.5,56.3,18781003776,18781003776,1,0.5,18781003776,1703279616,1703279616,1,0.5,1703279616,6415,6415,1,0.5,6415,17.49117279,1.586302757,8193715978,64.15
13:36:00,15.3,15.3,1,0.5,15.3,58.2,58.2,1,0.5,58.2,18781974528,18781974528,1,0.5,18781974528,1703279616,1703279616,1,0.5,1703279616,6415,6415,1,0.5,6415,17.49207687,1.586302757,8194104253,64.15
13:36:00,79.4,15.3,1,0.5,47.35,58.2,56.87,1,0.5,57.535,18782773248,18781295002,1,0.5,18782034125,1703279616,1703279616,1,0.5,1703279616,6415,6415,1,0.5,6415,17.49213238,1.586302757,8194128104,64.15
13:36:00,17.9,79.4,0.3,0.5,48.65,58.2,57.269,0,0.5,57.7345,18783825920,18781738476,0,0.5,18782782198,1703361536,1703279616,0,0.5,1703320576,6415,6415,0,0.5,6415,17.49282907,1.586340904,8194443718,64.15
13:36:00,4,79.4,1,0.5,41.7,58.2,57.5483,0,0.5,57.87415,18785284096,18782364709,0,0.5,18783824402,1703365632,1703304192,0,0.5,1703334912,6415,6415,0,0.5,6415,17.4937997,1.586354256,8194866332,64.15
13:36:00,44.1,44.1,1,0.5,44.1,58.4,57.74381,0,0.5,58.071905,18785288192,18783240525,0,0.5,18784264359,1703365632,1703322624,0,0.5,1703344128,6415,6415,0,0.5,6415,17.49420944,1.586362839,8195046001,64.15
13:36:00,84.5,17.9,1,0.5,51.2,58.6,57.940667,0,0.5,58.2703335,18786234368,18783854825,0,0.5,18785044597,1703365632,1703335526,0,0.5,1703350579,6415,6415,0,0.5,6415,17.4949361,1.586368847,8195360680,64.15
13:36:00,28.3,4,0.625,0.5,16.15,58.2,58.1384669,0,0.5,58.16923345,18787991552,18784568688,0,0.5,18786280120,1703365632,1703344558,0,0.5,1703355095,6415,6415,0,0.5,6415,17.49608677,1.586373053,8195856682,64.15
13:36:00,73.1,28.3,1,0.5,50.7,58.4,58.15692683,0,0.5,58.27846341,18788573184,18785595547,0,0.5,18787084366,1703365632,1703350880,0,0.5,1703358256,6415,6415,0,0.5,6415,17.49683578,1.586375997,8196179658,64.15
13:36:00,18.9,73.1,0.85,0.5,46,58.2,58.22984878,0,0.5,58.21492439,18789552128,18786488838,0,0.5,18788020483,1706986496,1703355306,0,0.5,1705170901,6415,6415,0,0.5,6415,17.49770761,1.588064154,8197279161,64.15
13:36:00,1.5,44.1,0.275,0.5,22.8,58.2,58.22089415,0,0.5,58.21044707,18790514688,18787407825,0,0.5,18788961257,1706986496,1704444663,0,0.5,1705715579,6415,6415,0,0.5,6415,17.49858377,1.588571425,8197873333,64.15
13:36:00,53.3,84.5,0.725,0.5,68.9,58.2,58.2146259,0,0.5,58.20731295,18790514688,18788339884,0,0.5,18789427286,1706986496,1705207213,0,0.5,1706096854,6415,6415,0,0.5,6415,17.4990178,1.588926515,8198212273,64.15
13:36:00,65.6,18.9,1,0.5,42.25,58.4,58.21023813,0,0.5,58.30511907,18791432192,18788992325,0,0.5,18790212259,1706986496,1705740998,0,0.5,1706363747,6415,6415,0,0.5,6415,17.49974886,1.589175078,8198633008,64.15
13:36:00,11.1,1.5,1,0.5,6.3,58.2,58.26716669,0,0.5,58.23358335,18793037824,18789724285,0,0.5,18791381055,1706986496,1706114647,0,0.5,1706550572,6415,6415,0,0.5,6415,17.50083738,1.589349072,8199175242,64.15
13:36:00,83.5,18.9,0.825,0.5,51.2,58.3,58.3,0,0.5,58.3,18793512960,18793512960,0,0.5,18793512960,1706986496,1706986496,0,0.5,1706986496,6415,6415,0,0.5,6415,17.50282288,1.589755058,8200202392,64.15
13:36:00,43,65.6,0.9,0.5,54.3,58.3,58.3,0,0.5,58.3,18794373120,18794373120,0,0.5,18794373120,1706986496,1706986496,0,0.5,1706986496,6415,6415,0,0.5,6415,17.50362396,1.589755058,8200546457,64.15
13:36:00,7.5,83.5,1,0.5,45.5,58.3,58.3,0,0.5,58.3,18795569152,18795569152,0,0.5,18795569152,1706986496,1706986496,0,0.5,1706986496,6415,6415,0,0.5,6415,17.50473785,1.589755058,8201024867,64.15
13:36:00,46.2,7.5,0.125,0.5,26.85,58.3,58.3,0,0.5,58.3,18797490176,18797490176,0,0.5,18797490176,1706986496,1706986496,0,0.5,1706986496,6415,6415,0,0.5,6415,17.50652695,1.589755058,8201793269,64.15
13:36:00,64.4,11.1,0.875,0.5,37.75,58.4,58.4,0,0.5,58.4,18798268416,18798268416,0,0.5,18798268416,1706986496,1706986496,0,0.5,1706986496,6415,6415,0,0.5,6415,17.50725174,1.589755058,8202104569,64.15
13:36:00,12.8,46.2,0.075,0.5,29.5,58.3,58.32109509,0,0.5,58.31054755,18799824896,18795695892,0,0.5,18797760394,1706986496,1706883924,0,0.5,1706935210,6415,6415,0,0.5,6415,17.50677861,1.589707294,8201880843,64.15
13:36:00,73.3,43,0.525,0.5,58.15,58.3,58.31476657,0,0.5,58.30738328,18799980544,18796934593,0,0.5,18798457569,1706986496,1706914696,0,0.5,1706950596,6415,6415,0,0.5,6415,17.5074279,1.589721624,8202165878,64.15
13:36:00,45.7,64.4,1,0.5,55.05,58.5,58.5,0,0.5,58.5,18801135616,18801135616,0,0.5,18801135616,1706986496,1706986496,0,0.5,1706986496,6415,6415,0,0.5,6415,17.50992203,1.589755058,8203251456,64.15
13:36:00,6.1,53.3,0.05,0.5,29.7,58.3,58.3,0,0.5,58.3,18802458624,18802458624,0,0.5,18802458624,1706986496,1706986496,0,0.5,1706986496,6415,6415,0,0.5,6415,17.51115417,1.589755058,8203780649,64.15
13:36:00,45.5,6.1,0,0.5,25.8,58.3,58.3,0,0.5,58.3,18802458624,18802458624,0,0.5,18802458624,1706986496,1706986496,0,0.5,1706986496,6415,6415,0,0.5,6415,17.51115417,1.589755058,8203780648,64.15
13:36:00,67.7,12.8,0.1,0.5,40.25,58.7,58.7,0,0.5,58.7,18803212288,18803212288,0,0.5,18803212288,1706986496,1706986496,0,0.5,1706986496,6415,6415,0,0.5,6415,17.51185608,1.589755058,8204082119,64.15
13:36:00,5.1,45.64,0.3,0.5,25.37,58.3,58.3,0,0.5,58.3,18804436992,18804436992,0,0.5,18804436992,1706986496,1706986496,0,0.5,1706986496,6415,6415,0,0.5,6415,17.51299667,1.589755058,8204571995,64.15
13:36:00,64.3,5.1,0.725,0.5,34.7,58.3,58.40014327,0,0.5,58.35007164,18804994048,18802340264,0,0.5,18803667156,1706986496,1706978049,0,0.5,1706982272,6415,6415,0,0.5,6415,17.51227971,1.589751125,8204262374,64.15
13:36:00,49.2,67.7,1,0.5,58.45,58.4,58.37010029,0,0.5,58.38505015,18806067200,18803136399,0,0.5,18804601799,1706986496,1706980583,0,0.5,1706983539,6415,6415,0,0.5,6415,17.51315016,1.589752305,8204636748,64.15
13:36:00,16.7,64.37,0.475,0.5,40.535,58.3,58.3790702,0,0.5,58.3395351,18807508992,18804015639,0,0.5,18805762316,1706986496,1706982357,0,0.5,1706984426,6415,6415,0,0.5,6415,17.51423098,1.589753131,8205101302,64.15
13:36:00,93.9,43,0.6,0.5,68.45,58.4,58.35534914,0,0.5,58.37767457,18807508992,18805063645,0,0.5,18806286319,1731546112,1706983599,0,0.5,1719264855,6415,6415,0,0.5,6415,17.51471899,1.601190171,8210223086,64.15
13:36:00,100,43,1,0.5,71.5,61,58.3687444,0,0.5,59.6843722,18813145088,18805797249,0,0.5,18809471169,1735052288,1714352353,0,0.5,1724702320,6525,6415,0,0.5,6470,17.51768512,1.606254205,8213672036,64.7
13:36:00,100,100,1,0.5,100,61.3,59.15812108,0,0.5,60.22906054,18816847872,18808001601,0,0.5,18812424736,1735052288,1720562333,0,0.5,1727807311,6635,6448,0,0.5,6541.5,17.52043584,1.609145953,8216095499,65.415
13:36:00,100,100,1,0.5,100,59.5,59.80068476,0,0.5,59.65034238,18819153920,18810655482,0,0.5,18814904701,1735052288,1724909320,0,0.5,1729980804,6635,6504.1,0,0.5,6569.55,17.52274549,1.611170176,8217956894,65.6955
13:36:00,100,100,0,0.5,100,59.9,59.9,0,0.5,59.9,18820915200,18820915200,0,0.5,18820915200,1735052288,1735052288,0,0.5,1735052288,6635,6635,0,0.5,6635,17.5283432,1.615893364,8222389713,66.35
13:36:00,100,100,0,0.5,100,60.4,60.4,0,0.5,60.4,18824179712,18824179712,0,0.5,18824179712,1735052288,1735052288,0,0.5,1735052288,6635,6635,0,0.5,6635,17.53138351,1.615893364,8223695518,66.35
13:36:00,100,100,0,0.5,100,59.6,59.6,0,0.5,59.6,18824572928,18824572928,0,0.5,18824572928,1735052288,1735052288,0,0.5,1735052288,6635,6635,0,0.5,6635,17.53174973,1.615893364,8223852804,66.35
13:36:00,100,100,0,0.5,100,60.5,60.5,0,0.5,60.5,18827235328,18827235328,0,0.5,18827235328,1735052288,1735052288,0,0.5,1735052288,6635,6635,0,0.5,6635,17.53422928,1.615893364,8224917765,66.35
13:36:00,100,100,0,0.5,100,61.6,61.6,0,0.5,61.6,18829754368,18829754368,0,0.5,18829754368,1735052288,1735052288,0,0.5,1735052288,6635,6635,0,0.5,6635,17.53657532,1.615893364,8225925381,66.35
13:36:00,100,100,0,0.5,100,60.8,60.51149726,0,0.5,60.65574863,18832760832,18824471931,0,0.5,18828616381,1735052288,1733858978,0,0.5,1734455633,6635,6619.599746,0,0.5,6627.299873,17.53551548,1.615337686,8225231521,66.27299873
13:36:00,100,100,0,0.5,100,61.4,60.59804808,0,0.5,60.99902404,18835816448,18826958601,0,0.5,18831387524,1735052288,1734216971,0,0.5,1734634629,6635,6624.219822,0,0.5,6629.609911,17.53809631,1.615504389,8226411578,66.29609911
13:36:00,100,100,0,0.5,100,60.9,60.83863366,0,0.5,60.86931683,18838716416,18829615955,0,0.5,18834166186,1735052288,1734467566,0,0.5,1734759927,6635,6627.453875,0,0.5,6631.226938,17.54068414,1.615621082,8227573162,66.31226938
13:37:00,100,100,0,0.5,100,61.2,60.85704356,0,0.5,61.02852178,18839105536,18832346093,0,0.5,18835725815,1735052288,1734642983,0,0.5,1734847635,6635,6629.717713,0,0.5,6632.358856,17.54213666,1.615702766,8228232097,66.32358856
13:37:00,100,100,0,0.5,100,61.5,60.95993049,0,0.5,61.22996525,18841866240,18834373926,0,0.5,18838120083,1735052288,1734765774,0,0.5,1734909031,6635,6631.302399,0,0.5,6633.151199,17.5443665,1.615759946,8229214363,66.33151199
13:37:00,100,100,0,0.5,100,61.9,61.12195134,0,0.5,61.51097567,18844098560,18836621620,0,0.5,18840360090,1735052288,1734851728,0,0.5,1734952008,6635,6632.411679,0,0.5,6633.70584,17.54645267,1.615799971,8230127557,66.3370584
13:37:00,100,100,0,0.5,100,59.5,61.35536594,0,0.5,60.42768297,18846482432,18838864702,0,0.5,18842673567,1735052288,1734911896,0,0.5,1734982092,6635,6633.188176,0,0.5,6634.094088,17.54860726,1.615827989,8231064982,66.34094088
13:37:00,100,100,0,0.5,100,60.2,60.79875616,0,0.5,60.49937808,18849017856,18841150021,0,0.5,18845083939,1735052288,1734954014,0,0.5,1735003151,6635,6633.731723,0,0.5,6634.365861,17.55085209,1.615847601,8232037554,66.34365861
13:37:00,100,100,0,0.5,100,60.3,60.61912931,0,0.5,60.45956466,18852364288,18843510372,0,0.5,18847937330,1735052288,1734983496,0,0.5,1735017892,6635,6634.112206,0,0.5,6634.556103,17.55350952,1.61586133,8233184807,66.34556103
13:37:00,100,100,0,0.5,100,60.6,60.52339052,0,0.5,60.56169526,18852859904,18846166547,0,0.5,18849513225,1735052288,1735004134,0,0.5,1735028211,6635,6634.378544,0,0.5,6634.689272,17.55497719,1.61587094,8233819293,66.34689272
13:37:00,100,100,0,0.5,100,61.2,60.54637336,0,0.5,60.87318668,18855809024,18848174554,0,0.5,18851991789,1735052288,1735018580,0,0.5,1735035434,6635,6634.564981,0,0.5,6634.78249,17.55728553,1.615877667,8234813607,66.3478249
13:37:00,100,100,0,0.5,100,61.1,61.1,0,0.5,61.1,18857213952,18857213952,0,0.5,18857213952,1735052288,1735052288,0,0.5,1735052288,6635,6635,0,0.5,6635,17.56214905,1.615893364,8236909214,66.35
13:37:00,100,100,0,0.5,100,59.8,59.8,0,0.5,59.8,18860085248,18860085248,0,0.5,18860085248,1735052288,1735052288,0,0.5,1735052288,6635,6635,0,0.5,6635,17.56482315,1.615893364,8238057732,66.35
13:37:00,100,100,0,0.5,100,61.5,61.5,0,0.5,61.5,18862034944,18862034944,0,0.5,18862034944,1735052288,1735052288,0,0.5,1735052288,6635,6635,0,0.5,6635,17.56663895,1.615893364,8238837611,66.35
13:37:00,100,100,0,0.5,100,58.9,58.9,0,0.5,58.9,18864603136,18864603136,0,0.5,18864603136,1735052288,1735052288,0,0.5,1735052288,6635,6635,0,0.5,6635,17.56903076,1.615893364,8239864887,66.35
13:37:00,100,100,0,0.5,100,60.2,60.2,0,0.5,60.2,18866692096,18866692096,0,0.5,18866692096,1735052288,1735052288,0,0.5,1735052288,6635,6635,0,0.5,6635,17.57097626,1.615893364,8240700472,66.35
13:37:00,100,100,0,0.5,100,59.2,60.23293848,0,0.5,59.71646924,18867220480,18861478952,0,0.5,18864349716,1735052288,1735048322,0,0.5,1735050305,6635,6634.94882,0,0.5,6634.97441,17.56879475,1.615891517,8239762726,66.3497441
13:37:00,68.6,49.2,1,0.5,58.9,58.9,59.92305694,0,0.5,59.41152847,18870083584,18863201410,0,0.5,18866642497,1735052288,1735049512,0,0.5,1735050900,6635,6634.964174,0,0.5,6634.982087,17.57093006,1.615892071,8240680060,66.34982087
13:37:00,46.9,16.7,0.1,0.5,31.8,58.5,59.61613986,0,0.5,59.05806993,18871971840,18865266062,0,0.5,18868618951,1735183360,1735050345,0,0.5,1735116852,6635,6634.974922,0,0.5,6634.987461,17.57277078,1.615953494,8241497012,66.34987461
13:37:00,56.2,16.7,0.525,0.5,36.45,58.9,59.2812979,0,0.5,59.09064895,18872856576,18867277796,0,0.5,18870067186,1735183360,1735090249,0,0.5,1735136805,6635,6634.982445,0,0.5,6634.991223,17.57411955,1.615972076,8242084288,66.34991223
13:37:00,7,93.9,1,0.5,50.45,58.5,59.16690853,0,0.5,58.83345426,18873954304,18868951430,0,0.5,18871452867,1735183360,1735118183,0,0.5,1735150771,6635,6634.987712,0,0.5,6634.993856,17.57541007,1.615985084,8242644153,66.34993856
13:37:00,3.6,64.37,0.975,0.5,33.985,58.5,58.96683597,0,0.5,58.73341799,18874548224,18870452292,0,0.5,18872500258,1735183360,1735137736,0,0.5,1735160548,6635,6634.991398,0,0.5,6634.995699,17.57638553,1.615994189,8243067013,66.34995699
13:37:00,39.8,56.2,0.075,0.5,48,58.5,58.82678518,0,0.5,58.66339259,18874548224,18871681072,0,0.5,18873114648,1735183360,1735151423,0,0.5,1735167392,6635,6634.993979,0,0.5,6634.996989,17.57695772,1.616000562,8243315512,66.34996989
13:37:00,80.4,45.64,0.05,0.5,63.02,58.9,58.72874963,0,0.5,58.81437481,18875375616,18872541217,0,0.5,18873958417,1735183360,1735161004,0,0.5,1735172182,6635,6634.995785,0,0.5,6634.997893,17.57774355,1.616005024,8243654942,66.34997893
13:37:00,35.7,80.4,0.275,0.5,58.05,58.4,58.78012474,0,0.5,58.59006237,18876993536,18873391537,0,0.5,18875192536,1735183360,1735167711,0,0.5,1735175535,6635,6634.99705,0,0.5,6634.998525,17.57889291,1.616008147,8244149929,66.34998525
13:37:00,64.1,46.41,0.875,0.5,55.255,59.1,58.66608732,0,0.5,58.88304366,18877616128,18874472137,0,0.5,18876044132,1735183360,1735172406,0,0.5,1735177883,6635,6634.997935,0,0.5,6634.998967,17.57968602,1.616010333,8244491506,66.34998967
13:37:00,11,39.8,0,0.5,25.4,58.4,58.79626112,0,0.5,58.59813056,18878533632,18875415334,0,0.5,18876974483,1735183360,1735175692,0,0.5,1735179526,6635,6634.998554,0,0.5,6634.999277,17.58055248,1.616011864,8244864291,66.34999277
13:37:00,2.5,39.8,0.2,0.5,21.15,58.4,58.67738279,0,0.5,58.53869139,18879492096,18876350823,0,0.5,18877921460,1735183360,1735177992,0,0.5,1735180676,6635,6634.998988,0,0.5,6634.999494,17.58143442,1.616012935,8245243540,66.34999494
13:37:00,45.4,64.289,0,0.5,54.8445,58.4,58.59416795,0,0.5,58.49708397,18879492096,18877293205,0,0.5,18878392651,1735183360,1735179603,0,0.5,1735181481,6635,6634.999292,0,0.5,6634.999646,17.58187325,1.616013685,8245432352,66.34999646
13:37:00,71.1,11.07,0.025,0.5,41.085,59.1,58.53591756,0,0.5,58.81795878,18880528384,18877952872,0,0.5,18879240628,1735183360,1735180730,0,0.5,1735182045,6635,6634.999504,0,0.5,6634.999752,17.58266299,1.61601421,8245771763,66.34999752
13:37:00,30.3,73.16,0.8,0.5,51.73,58.4,58.4,0,0.5,58.4,18881306624,18881306624,0,0.5,18881306624,1735183360,1735183360,0,0.5,1735183360,6635,6635,0,0.5,6635,17.5845871,1.616015434,8246598692,66.35
13:37:00,70.7,30.3,0.925,0.5,50.5,58.8,58.8,0,0.5,58.8,18882600960,18882600960,0,0.5,18882600960,1735183360,1735183360,0,0.5,1735183360,6635,6635,0,0.5,6635,17.58579254,1.616015434,8247116426,66.35
13:37:00,9.1,9.1,0.05,0.5,9.1,58.4,58.4,0,0.5,58.4,18883416064,18883416064,0,0.5,18883416064,1735183360,1735183360,0,0.5,1735183360,6635,6635,0,0.5,6635,17.58655167,1.616015434,8247442451,66.35
13:37:00,11.2,45.568,0.35,0.5,28.384,58.4,58.58866381,0,0.5,58.4943319,18884386816,18881325950,0,0.5,18882856383,1735183360,1735182729,0,0.5,1735183044,6635,6634.999881,0,0.5,6634.99994,17.58603042,1.61601514,8247218460,66.3499994
13:37:00,20.3,93.9,0.7,0.5,57.1,58.4,58.53206467,0,0.5,58.46603233,18884538368,18882244210,0,0.5,18883391289,1735183360,1735182918,0,0.5,1735183139,6635,6634.999917,0,0.5,6634.999958,17.58652859,1.616015228,8247432471,66.34999958
13:37:00,77,35.7,0.175,0.5,56.35,58.8,58.49244527,0,0.5,58.64622263,18885300224,18882932457,0,0.5,18884116341,1735183360,1735183051,0,0.5,1735183205,6635,6634.999942,0,0.5,6634.999971,17.58720385,1.61601529,8247722518,66.34999971
13:37:00,30.9,70.98,0.375,0.5,50.94,58.4,58.4,0,0.5,58.4,18886053888,18886053888,0,0.5,18886053888,1737145344,1737145344,0,0.5,1737145344,6635,6635,0,0.5,6635,17.58900833,1.617842674,8249282391,66.35
13:37:00,79.6,30.48,0.575,0.5,55.04,58.8,58.52929818,0,0.5,58.66464909,18887487488,18884366117,0,0.5,18885926803,1737145344,1735771804,0,0.5,1736458574,6635,6634.999971,0,0.5,6634.999986,17.58888997,1.61720307,8248956850,66.34999986
13:37:00,15.6,77,0.1,0.5,46.3,58.4,58.61050873,0,0.5,58.50525436,18888290304,18885302529,0,0.5,18886796416,1737145344,1736183866,0,0.5,1736664605,6635,6634.99998,0,0.5,6634.99999,17.58969986,1.617394951,8249387104,66.3499999
13:37:00,5.6,5.6,0,0.914700831,5.6,58.4,58.54735611,0,0.602326439,58.47367805,18889424896,18886198861,0,0.5,18887811879,1737145344,1736472309,0,0.5,1736808827,6635,6634.999986,0,0.5,6634.999993,17.59064559,1.617529268,6836075898,66.34999993
13:37:00,8.6,8.6,0.2,0.880418603,8.6,58.4,58.50314928,0,0.914700831,58.45157464,18889424896,18887166672,0,0.914700831,18888295784,1737145344,1736674220,0,0.914700831,1736909782,6635,6634.99999,0,0.914700831,6634.999995,17.59109626,1.61762329,4543777017,66.34999995
13:37:00,76.7,15.39,0.475,0.602326434,46.045,58.5,58.47220449,0,0.880418603,58.48610225,18890010624,18887844139,0,0.880418603,18888927381,1737145344,1736815557,0,0.880418603,1736980450,6635,6634.999993,0,0.880418603,6634.999997,17.59168448,1.617689105,5001433155,66.34999997
13:37:00,26.5,79.46,0,0.69873557,52.98,58.4,58.48054315,0,0.55536988,58.44027157,18891022336,18888494084,0,0.55536988,18889758210,1737145344,1736914493,0,0.55536988,1737029919,6635,6634.999995,0,0.55536988,6634.999998,17.59245825,1.617735176,7063450547,66.34999998
13:37:00,81.4,26.5,0.025,0.916083925,53.95,58.7,58.4563802,0,0.69873557,58.5781901,18892365824,18889252560,0,0.69873557,18890809192,1737145344,1736983748,0,0.69873557,1737064546,6635,6634.999997,0,0.69873557,6634.999998,17.59343705,1.617767425,5558538080,66.34999998
13:37:00,8.2,8.2,0.35,0.761622326,8.2,58.5,58.52946614,0,0.916083925,58.51473307,18893389824,18890186539,0,0.916083925,18891788182,1737145344,1737032227,0,0.916083925,1737088786,6635,6634.999998,0,0.916083925,6634.999999,17.59434881,1.61779,4660885518,66.34999999
13:37:00,6.1,6.1,0,0.77614003,6.1,58.5,58.5206263,0,0.761622326,58.51031315,18894381056,18891147525,0,0.761622326,18892764290,1737145344,1737066162,0,0.761622326,1737105753,6635,6634.999998,0,0.761622326,6634.999999,17.59525788,1.617805802,5396776655,66.34999999
13:37:00,22.4,5.25,0.6,0.611148204,13.825,58.5,58.51443841,0,0.77614003,58.5072192,18896343040,18892117584,0,0.77614003,18894230312,1737145344,1737089917,0,0.77614003,1737117630,6635,6634.999999,0,0.77614003,6634.999999,17.59662322,1.617816864,5552468828,66.34999999
13:37:00,70.7,8.725,0.5,0.749050435,39.7125,58.8,58.51010689,0,0.611148204,58.65505344,18897125376,18893385221,0,0.611148204,18895255298,1737145344,1737106545,0,0.611148204,1737125944,6635,6634.999999,0,0.611148204,6635,17.59757781,1.617824607,6460454832,66.35
13:37:00,19.4,70.896,0.15,0.574142707,45.148,58.5,58.59707482,0,0.749050435,58.54853741,18897956864,18894507267,0,0.749050435,18896232066,1737145344,1737118185,0,0.749050435,1737131764,6635,6634.999999,0,0.749050435,6635,17.5984875,1.617830027,5779098035,66.35
13:37:00,69.8,19.4,0.175,0.790141572,44.6,58.6,58.56795237,0,0.574142707,58.58397619,18899456000,18895542146,0,0.574142707,18897499073,1737145344,1737126332,0,0.574142707,1737135838,6635,6635,0,0.574142707,6635,17.59966749,1.617833821,6684990037,66.35
13:37:00,11.8,69.8,0.025,0.852073299,40.8,58.5,58.57756666,0,0.790141572,58.53878333,18900205568,18896716302,0,0.790141572,18898460935,1737145344,1737132036,0,0.790141572,1737138690,6635,6635,0,0.790141572,6635,17.60056329,1.617836477,5142651342,66.35
13:37:00,2.5,2.5,0,0.916083925,2.5,58.5,58.55429666,0,0.852073299,58.52714833,18901233664,18897763082,0,0.852073299,18899498373,1737145344,1737136028,0,0.852073299,1737140686,6635,6635,0,0.852073299,6635,17.60152948,1.617838336,4772166067,66.35
13:37:00,28.9,81.19,0.775,0.520545665,55.045,58.5,58.53800766,0,0.916083925,58.51900383,18901233664,18898804257,0,0.916083925,18900018960,1737145344,1737138823,0,0.916083925,1737142084,6635,6635,0,0.916083925,6635,17.60201432,1.617839638,4931362681,66.35
13:37:00,71.6,71.6,0.075,0.577145289,71.6,59,59,0,0.520545665,59,18902110208,18902110208,0,0.520545665,18902110208,1737145344,1737145344,0,0.520545665,1737145344,6635,6635,0,0.520545665,6635,17.60396194,1.617842674,7761082018,66.35
13:37:00,13.8,2.5,0,0.900397759,8.15,58.5,58.5,0,0.577145289,58.5,18903097344,18903097344,0,0.577145289,18903097344,1737145344,1737145344,0,0.577145289,1737145344,6635,6635,0,0.577145289,6635,17.60488129,1.617842674,6432030226,66.35
13:37:00,79.5,8.725,0.45,0.715138067,44.1125,58.5,58.5,0,0.900397759,58.5,18904109056,18904109056,0,0.900397759,18904109056,1737145344,1737145344,0,0.900397759,1737145344,6635,6635,0,0.900397759,6635,17.60582352,1.617842674,4781690172,66.35
13:37:00,10.7,2.5,0.025,0.698735574,6.6,58.5,58.58262564,0,0.715138067,58.54131282,18905292800,18902033206,0,0.715138067,18903663003,1737145344,1737143778,0,0.715138067,1737144561,6635,6635,0,0.715138067,6635,17.6054081,1.617841945,5799141617,66.35
13:37:00,7.7,7.7,0,0.916083925,7.7,58.5,58.55783795,0,0.698735574,58.52891897,18906288128,18903011084,0,0.698735574,18904649606,1737145344,1737144248,0,0.698735574,1737144796,6635,6635,0,0.698735574,6635,17.60632694,1.617842164,5562289208,66.35
13:37:00,25.8,71.6,0.75,0.501528863,48.7,58.5,58.54048656,0,0.916083925,58.52024328,18906431488,18903994197,0,0.916083925,18905212843,1737145344,1737144577,0,0.916083925,1737144960,6635,6635,0,0.916083925,6635,17.6068515,1.617842317,4955121374,66.35
13:38:00,70.8,70.8,0.15,0.614083299,70.8,58.9,58.52834059,0,0.501528863,58.7141703,18907283456,18904725384,0,0.501528863,18906004420,1737149440,1737144807,0,0.501528863,1737147123,6635,6635,0,0.501528863,6635,17.60758871,1.617844332,7878470401,66.35
13:38:00,28.6,70.8672,0.525,0.555369891,49.7336,58.5,58.63983842,0,0.614083299,58.56991921,18908094464,18905492806,0,0.614083299,18906793635,1737149440,1737146197,0,0.614083299,1737147818,6635,6635,0,0.614083299,6635,17.60832373,1.617844979,6854576166,66.35
13:38:00,80.5,80.5,0.025,0.647171314,80.5,58.5,58.5,0,0.555369891,58.5,18909466624,18909466624,0,0.555369891,18909466624,1737149440,1737149440,0,0.555369891,1737149440,6635,6635,0,0.555369891,6635,17.61081314,1.617846489,7197328539,66.35
13:38:00,13.5,7.56,0,0.906655649,10.53,58.5,58.56852082,0,0.56563894,58.53426041,18910310400,18907231300,0,0.56563894,18908770850,1737149440,1737147851,0,0.56563894,1737148645,6635,6635,0,0.56563894,6635,17.61016515,1.617845749,6514531069,66.35
13:38:00,6.1,6.1,0,0.915503364,6.1,58.5,58.54796458,0,0.906655649,58.52398229,18911453184,18908155030,0,0.906655649,18909804107,1737149440,1737148328,0,0.906655649,1737148884,6635,6635,0,0.906655649,6635,17.61112745,1.617845971,4545659868,66.35
13:38:00,15.7,93.9,0.325,0.745485035,54.8,58.5,58.5335752,0,0.915503364,58.5167876,18911453184,18909144476,0,0.915503364,18910298830,1737149440,1737148661,0,0.915503364,1737149051,6635,6635,0,0.915503364,6635,17.61158819,1.617846126,4684619784,66.35
13:38:00,74.7,11.8,0.875,0.897048553,43.25,58.8,58.52350264,0,0.745485035,58.66175132,18912219136,18909837088,0,0.745485035,18911028112,1737149440,1737148895,0,0.745485035,1737149167,6635,6635,0,0.745485035,6635,17.61226739,1.617846235,5323084350,66.35
13:38:00,27.3,80.43,0,0.70877689,53.865,58.5,58.60645185,0,0.897048553,58.55322592,18913153024,18910551703,0,0.897048553,18911852363,1737149440,1737149058,0,0.897048553,1737149249,6635,6635,0,0.897048553,6635,17.61303503,1.617846311,4805479921,66.35
13:38:00,78.5,78.5,0,0.915503364,78.5,59.2,58.57451629,0,0.70877689,58.88725815,18914439168,18911332099,0,0.70877689,18912885634,1737149440,1737149173,0,0.70877689,1737149306,6635,6635,0,0.70877689,6635,17.61399734,1.617846365,5505780824,66.35
13:38:00,10.8,10.8,0,0.915503364,10.8,58.5,58.76216141,0,0.915503364,58.6310807,18915434496,18912264220,0,0.915503364,18913849358,1737149440,1737149253,0,0.915503364,1737149347,6635,6635,0,0.915503364,6635,17.61489488,1.617846402,4511399133,66.35
13:38:00,4.1,4.1,0,0.915503364,4.1,58.5,58.68351298,0,0.915503364,58.59175649,18916208640,18913215303,0,0.915503364,18914711971,1737149440,1737149309,0,0.915503364,1737149375,6635,6635,0,0.915503364,6635,17.61569825,1.617846428,4511587583,66.35
13:38:00,19.7,74.7,0.475,0.629414942,47.2,58.5,58.62845909,0,0.915503364,58.56422954,18916208640,18914113304,0,0.915503364,18915160972,1737149440,1737149348,0,0.915503364,1737149394,6635,6635,0,0.915503364,6635,17.61611642,1.617846446,4812457577,66.35
13:38:00,70,70,0.225,0.565434684,70,58.6,58.58992136,0,0.629414942,58.59496068,18917212160,18914741905,0,0.629414942,18915977032,1737149440,1737149376,0,0.629414942,1737149408,6635,6635,0,0.629414942,6635,17.61687643,1.617846459,6698832463,66.35
13:38:00,26.2,26.2,0.5,0.586974988,26.2,58.5,58.59294495,0,0.565434684,58.54647248,18918031360,18915482981,0,0.565434684,18916757171,1737149440,1737149395,0,0.565434684,1737149418,6635,6635,0,0.565434684,6635,17.61760299,1.617846468,7250259344,66.35
13:38:00,79.9,10.93041,0,0.608455865,45.415205,58.7,58.56506147,0,0.586974988,58.63253073,18919931904,18916247495,0,0.586974988,18918089699,1737165824,1737149409,0,0.586974988,1737157616,6635,6635,0,0.586974988,6635,17.61884401,1.617854104,6986728030,66.35
13:38:00,10.2,20.3,0,0.915503364,15.25,58.5,58.60554303,0,0.608455865,58.55277151,18920775680,18917352818,0,0.608455865,18919064249,1737165824,1737154333,0,0.608455865,1737160079,6635,6635,0,0.608455865,6635,17.61975163,1.617856397,6167278420,66.35
13:38:00,7.1,7.1,0,0.915503364,7.1,58.5,58.57388012,0,0.915503364,58.53694006,18921824256,18918379676,0,0.915503364,18920101966,1737165824,1737157780,0,0.915503364,1737161802,6635,6635,0,0.915503364,6635,17.62071808,1.617858002,4512767792,66.35
13:38:00,19.2,69.86,0.475,0.629414942,44.53,58.5,58.55171608,0,0.915503364,58.52585804,18923634688,18919413050,0,0.915503364,18921523869,1737165824,1737160194,0,0.915503364,1737163009,6635,6635,0,0.915503364,6635,17.62204233,1.617859126,4813943448,66.35
13:38:00,86.7,86.7,0.95,0.960794318,86.7,58.6,58.53620126,0,0.629414942,58.56810063,18924494848,18920679542,0,0.629414942,18922587195,1737165824,1737161883,0,0.629414942,1737163853,6635,6635,0,0.629414942,6635,17.62303262,1.617859912,5939350446,66.35
13:38:00,28.4,28.4,0.125,0.838882311,28.4,58.5,58.55534088,0,0.960794318,58.52767044,18925072384,18921824133,0,0.960794318,18923448259,1737165824,1737163065,0,0.960794318,1737164445,6635,6635,0,0.960794318,6635,17.62383455,1.617860463,4412720311,66.35
13:38:00,74.6,27.3,0.05,0.839009123,50.95,58.7,58.53873862,0,0.838882311,58.61936931,18926678016,18922798609,0,0.838882311,18924738312,1737165824,1737163893,0,0.838882311,1737164858,6635,6635,0,0.838882311,6635,17.62503601,1.617860848,4925907954,66.35
13:38:00,8.1,19.403,0.35,0.689815189,13.7515,58.5,58.5,0,0.839009123,58.5,18927546368,18927546368,0,0.839009123,18927546368,1737165824,1737165824,0,0.839009123,1737165824,6635,6635,0,0.839009123,6635,17.62765121,1.617861748,5107631352,66.35
13:38:00,6,19.403,0,0.727523936,12.7015,58.5,58.5,0,0.689815189,58.5,18928775168,18928775168,0,0.689815189,18928775168,1737165824,1737165824,0,0.689815189,1737165824,6635,6635,0,0.689815189,6635,17.62879562,1.617861748,5926935421,66.35
13:38:00,6.7,6.16261,0,0.893625469,6.431305,58.5,58.5,0,0.683347473,58.5,18928775168,18928775168,0,0.683347473,18928775168,1737165824,1737165824,0,0.683347473,1737165824,6635,6635,0,0.683347473,6635,17.62879562,1.617861748,5697783336,66.35
13:38:00,81.8,81.8,0.3,0.721375233,81.8,58.5,58.52988114,0,0.893625469,58.51494057,18929475584,18926943766,0,0.893625469,18928209675,1737165824,1737165360,0,0.893625469,1737165592,6635,6635,0,0.893625469,6635,17.62826897,1.617861532,4810515179,66.35
13:38:00,31.4,31.4,0.025,0.702639058,31.4,58.6,58.5209168,0,0.721375233,58.5604584,18930364416,18927703311,0,0.721375233,18929033864,1737165824,1737165499,0,0.721375233,1737165662,6635,6635,0,0.721375233,6635,17.62903655,1.617861597,5759587504,66.35
13:38:00,82,82,0.025,0.872061494,82,58.6,58.54464176,0,0.702639058,58.57232088,18932092928,18928501643,0,0.702639058,18930297285,1737165824,1737165597,0,0.702639058,1737165710,6635,6635,0,0.702639058,6635,17.63021321,1.617861642,5612168114,66.35
13:38:00,15.3,86.7,0,0.883195962,51,58.6,58.56124923,0,0.872061494,58.58062462,18932883456,18929579028,0,0.872061494,18931231242,1737165824,1737165665,0,0.872061494,1737165744,6635,6635,0,0.872061494,6635,17.63108302,1.617861674,4728051755,66.35
13:38:00,8.7,6.323827,0.075,0.860210211,7.5119135,58.6,58.57287446,0,0.883195962,58.58643723,18933800960,18930570357,0,0.883195962,18932185658,1737165824,1737165713,0,0.883195962,1737165768,6635,6635,0,0.883195962,6635,17.63197189,1.617861696,4705073087,66.35
13:38:00,6.5,6.323827,0,0.860210211,6.4119135,58.6,58.58101212,0,0.860210211,58.59050606,18934116352,18931539538,0,0.860210211,18932827945,1737165824,1737165746,0,0.860210211,1737165785,6635,6635,0,0.860210211,6635,17.63257007,1.617861711,4805802154,66.35
13:38:00,78.8,78.8,0.275,0.739517181,78.8,58.6,58.58670849,0,0.860210211,58.59335424,18934427648,18932312582,0,0.860210211,18933370115,1737165824,1737165769,0,0.860210211,1737165797,6635,6635,0,0.860210211,6635,17.633075,1.617861722,4944682383,66.35
13:38:00,22.7,78.59,0,0.739517181,50.645,58.6,58.59069594,0,0.739517181,58.59534797,18935463936,18932947102,0,0.739517181,18934205519,1737165824,1737165786,0,0.739517181,1737165805,6635,6635,0,0.739517181,6635,17.63385303,1.61786173,5590506512,66.35
13:38:00,82.5,82.5,0.1,0.847633958,82.5,58.6,58.59348716,0,0.739517181,58.59674358,18936979456,18933702152,0,0.739517181,18935340804,1737165824,1737165797,0,0.739517181,1737165811,6635,6635,0,0.739517181,6635,17.63491035,1.617861735,5431983297,66.35
13:38:00,22.6,82.5,0,0.847633958,52.55,58.8,58.59544101,0,0.847633958,58.69772051,18937622528,18934685343,0,0.847633958,18936153936,1737165824,1737165805,0,0.847633958,1737165815,6635,6635,0,0.847633958,6635,17.63566764,1.617861739,4877890110,66.35
13:38:00,6.1,6.3766789,1,0.829195649,6.23833945,58.5,58.5,0,0.847633958,58.5,18939191296,18939191296,0,0.847633958,18939191296,1737165824,1737165824,0,0.847633958,1737165824,6635,6635,0,0.847633958,6635,17.6384964,1.617861748,4899924063,66.35
13:38:00,8.6,6.29367523,0.05,0.855619404,7.446837615,58.5,58.6097661,0,0.829195649,58.55488305,18939191296,18936653938,0,0.829195649,18937922617,1737165824,1737165815,0,0.829195649,1737165819,6635,6635,0,0.829195649,6635,17.63731485,1.617861743,4955202096,66.35
13:38:00,79.9,22.523,0.175,0.773887049,51.2115,58.6,58.57683627,0,0.855619404,58.58841813,18939424768,18937415145,0,0.855619404,18938419957,1737165824,1737165818,0,0.855619404,1737165821,6635,6635,0,0.855619404,6635,17.63777803,1.617861745,4927024740,66.35
13:38:00,20.9,6.29367523,0,0.805535418,13.59683761,58.6,58.58378539,0,0.773887049,58.59189269,18940465152,18938018032,0,0.773887049,18939241592,1738832896,1737165820,0,0.773887049,1737999358,6635,6635,0,0.773887049,6635,17.63854324,1.618638037,5300385662,66.35
13:38:00,79.7,79.7,0.475,0.580217915,79.7,58.6,58.58864977,0,0.805535418,58.59432489,18941730816,18938752168,0,0.805535418,18940241492,1738832896,1737665942,0,0.805535418,1738249419,6635,6635,0,0.805535418,6635,17.63947447,1.618870924,5438333019,66.35
13:38:00,29.4,29.4,0,0.580217915,29.4,58.6,58.59205484,0,0.580217915,58.59602742,18942644224,18939645762,0,0.580217915,18941144993,1738832896,1738016029,0,0.580217915,1738424462,6635,6635,0,0.580217915,6635,17.64031592,1.619033946,7128210162,66.35
13:38:00,8.3,8.3,1,0.829195649,8.3,58.6,58.59443839,0,0.580217915,58.59721919,18944196608,18940545301,0,0.580217915,18942370954,1738832896,1738261089,0,0.580217915,1738546992,6635,6635,0,0.580217915,6635,17.64145769,1.619148061,6565232621,66.35
13:38:00,8.7,86.7,0,0.829195649,47.7,58.6,58.59610687,0,0.829195649,58.59805344,18944233472,18941640693,0,0.829195649,18942937083,1738832896,1738432631,0,0.829195649,1738632763,6635,6635,0,0.829195649,6635,17.64198493,1.619227942,4988346624,66.35
13:38:00,82.5,82.5,0,0.893625469,82.5,58.6,58.59727481,0,0.829195649,58.5986374,18944729088,18942418527,0,0.829195649,18943573807,1738832896,1738552710,0,0.829195649,1738692803,6635,6635,0,0.829195649,6635,17.64257793,1.619283858,4912177885,66.35
13:38:00,18.4,79.5404,0,0.879913012,48.9702,58.5,58.59809237,0,0.879913012,58.54904618,18945695744,18943111695,0,0.879913012,18944403720,1742453760,1738636766,0,0.879913012,1740545263,6635,6635,0,0.879913012,6635,17.64335085,1.621009096,4701591054,66.35
13:38:00,64.9,64.9,0.975,0.850113439,64.9,58.5,58.56866466,0,0.879913012,58.53433233,18946764800,18943886910,0,0.879913012,18945325855,1742453760,1739781864,0,0.879913012,1741117812,6635,6635,0,0.879913012,6635,17.64420965,1.621542324,4733995563,66.35
13:38:00,32,32,0.65,0.993984516,32,58.6,58.54806526,0,0.850113439,58.57403263,18947620864,18944750277,0,0.850113439,18946185570,1742453760,1740583433,0,0.850113439,1741518596,6635,6635,0,0.850113439,6635,17.64501032,1.621915583,4707703148,66.35
13:38:00,2.5,8.6073025,1,0.994884743,5.55365125,58.6,58.6,0,0.993984516,58.6,18949144576,18949144576,0,0.993984516,18949144576,1742453760,1742453760,0,0.993984516,1742453760,6635,6635,0,0.993984516,6635,17.64776611,1.622786522,4162611673,66.35
13:38:00,12.8,8.6073025,0.275,0.957044474,10.70365125,58.6,58.6,0,0.994884743,58.6,18949144576,18949144576,0,0.994884743,18949144576,1742453760,1742453760,0,0.994884743,1742453760,6635,6635,0,0.994884743,6635,17.64776611,1.622786522,4191482889,66.35
13:38:00,69.9,69.9,0.325,0.573916343,69.9,58.6,58.6,0,0.957044474,58.6,18949607424,18949607424,0,0.957044474,18949607424,1742453760,1742453760,0,0.957044474,1742453760,6635,6635,0,0.957044474,6635,17.64819717,1.622786522,4700505448,66.35
13:38:00,29.1,29.1,0.625,0.836510135,29.1,58.6,58.58753047,0,0.573916343,58.59376523,18950508544,18948071569,0,0.573916343,18949290057,1742453760,1742004694,0,0.573916343,1742229227,6635,6635,0,0.573916343,6635,17.6479016,1.622577409,6606119600,66.35
13:38:00,69.6,29.065,0.2,0.757002695,49.3325,58.6,58.59127133,0,0.836510135,58.59563566,18951712768,18948802662,0,0.836510135,18950257715,1742453760,1742139414,0,0.836510135,1742296587,6635,6635,0,0.836510135,6635,17.6488028,1.622640143,5043222762,66.35
13:38:00,41.8,70.8672,0.075,0.709115812,56.3336,58.6,58.59388993,0,0.757002695,58.59694496,18954690560,18949675694,0,0.757002695,18952183127,1742453760,1742233718,0,0.757002695,1742343739,6635,6635,0,0.757002695,6635,17.65059598,1.622684057,5537552206,66.35
13:38:00,11.3,8.6073025,0.05,0.813543458,9.95365125,58.6,58.59572295,0,0.709115812,58.59786148,18956189696,18951180153,0,0.709115812,18953684925,1742453760,1742299731,0,0.709115812,1742376745,6635,6635,0,0.709115812,6635,17.65199464,1.622714796,5670145301,66.35
13:38:00,4.1,53.3,0.05,0.828367659,28.7,58.6,58.59700607,0,0.813543458,58.59850303,18956320768,18952683016,0,0.813543458,18954501892,1742453760,1742345939,0,0.813543458,1742399850,6635,6635,0,0.813543458,6635,17.6527555,1.622736314,5069613747,66.35
13:38:00,68,68,0.5,0.529075058,68,58.6,58.59790425,0,0.828367659,58.59895212,18956427264,18953774342,0,0.828367659,18955100803,1742453760,1742378286,0,0.828367659,1742416023,6635,6635,0,0.828367659,6635,17.65331328,1.622751376,5386409231,66.35
13:38:00,38.7,11.041287,0.125,0.596019857,24.8706435,58.7,58.59853297,0,0.529075058,58.64926649,18957459456,18954570218,0,0.529075058,18956014837,1742453760,1742400928,0,0.529075058,1742427344,6635,6635,0,0.529075058,6635,17.65416454,1.62276192,7631270732,66.35
13:38:00,65,65,0.05,0.781603811,65,58.6,58.62897308,0,0.596019857,58.61448654,18958884864,18955436990,0,0.596019857,18957160927,1742453760,1742416778,0,0.596019857,1742435269,6635,6635,0,0.596019857,6635,17.65523192,1.622769301,6538747373,66.35
13:39:00,65.6,65.6,0.9,0.836510129,65.6,58.7,58.62028116,0,0.781603811,58.66014058,18959446016,18956471352,0,0.781603811,18957958684,1742453760,1742427872,0,0.781603811,1742440816,6635,6635,0,0.781603811,6635,17.65597489,1.622774467,5223516544,66.35
13:39:00,2.5,2.5,0.175,0.896837883,2.5,58.6,58.64419681,0,0.836510129,58.6220984,18961416192,18957363751,0,0.836510129,18959389972,1742453760,1742435639,0,0.836510129,1742444699,6635,6635,0,0.836510129,6635,17.65730788,1.622778083,4879197426,66.35
13:39:00,6.7,7.6254,0.125,0.689381911,7.1627,58.6,58.63093777,0,0.896837883,58.61546888,18961416192,18958579483,0,0.896837883,18959997838,1742453760,1742441075,0,0.896837883,1742447418,6635,6635,0,0.896837883,6635,17.657874,1.622780615,4840715988,66.35
13:39:00,56.5,6.415572661,0.425,0.529075068,31.45778633,58.6,58.62165644,0,0.689381911,58.61082822,18961506304,18959430496,0,0.689381911,18960468400,1742453760,1742444881,0,0.689381911,1742449320,6635,6635,0,0.689381911,6635,17.65831225,1.622782387,6299186809,66.35
13:39:00,37.5,65.3711,0.975,0.97729815,51.43555,58.7,58.61515951,0,0.529075068,58.65757975,18962563072,18960053238,0,0.529075068,18961308155,1742453760,1742447544,0,0.529075068,1742450652,6635,6635,0,0.529075068,6635,17.65909433,1.622783628,6692454137,66.35
13:39:00,52.3,65.3711,0.725,0.996333689,58.83555,58.6,58.64061165,0,0.97729815,58.62030583,18963791872,18960806188,0,0.97729815,18962299030,1742453760,1742449409,0,0.97729815,1742451585,6635,6635,0,0.97729815,6635,17.66001715,1.622784496,4220700521,66.35
13:39:00,60.6,37.5,0.05,0.680792921,49.05,58.7,58.62842816,0,0.993123888,58.66421408,18964545536,18961701894,0,0.993123888,18963123715,1742453760,1742450714,0,0.993123888,1742452237,6635,6635,0,0.993123888,6635,17.6607852,1.622785104,4449666686,66.35
13:39:00,5.1,6.415572661,0.05,0.8376841,5.75778633,58.6,58.64989971,0,0.680792921,58.62494986,18966355968,18962554986,0,0.680792921,18964455477,1742453760,1742451628,0,0.680792921,1742452694,6635,6635,0,0.680792921,6635,17.6620255,1.622785529,5815151225,66.35
13:39:00,5.1,68.42,0,0.862749252,36.76,58.6,58.6349298,0,0.8376841,58.6174649,18966355968,18963695281,0,0.8376841,18965025624,1742453760,1742452268,0,0.8376841,1742453014,6635,6635,0,0.8376841,6635,17.66255649,1.622785827,4914573602,66.35
13:39:00,60.1,5.1735,0.05,0.862749252,32.63675,58.6,58.62445086,0,0.862749252,58.61222543,18966528000,18964493487,0,0.862749252,18965510743,1742453760,1742452715,0,0.862749252,1742453238,6635,6635,0,0.862749252,6635,17.66300829,1.622786035,4800461005,66.35
13:39:00,41.7,52.3,0.825,0.753472554,47,58.7,58.6171156,0,0.862749252,58.6585578,18967474176,18965103841,0,0.862749252,18966289008,1742453760,1742453029,0,0.862749252,1742453394,6635,6635,0,0.862749252,6635,17.66373311,1.622786181,4925413025,66.35
13:39:00,40.3,52.3,0.35,0.908583205,46.3,58.6,58.64198092,0,0.753472554,58.62099046,18968956928,18965814941,0,0.753472554,18967385935,1742453760,1742453248,0,0.753472554,1742453504,6635,6635,0,0.753472554,6635,17.6647547,1.622786284,5279792609,66.35
13:39:00,60.1,41.77,0,0.672249014,50.935,58.7,58.62938664,0,0.908583205,58.66469332,18969571328,18966757537,0,0.908583205,18968164433,1742453760,1742453402,0,0.908583205,1742453581,6635,6635,0,0.908583205,6635,17.66547974,1.622786355,4809063327,66.35
13:39:00,5.6,5.1735,0,0.885032289,5.38675,58.6,58.65057065,0,0.672249014,58.62528533,18971246592,18967601675,0,0.672249014,18969424133,1742453760,1742453509,0,0.672249014,1742453635,6635,6635,0,0.672249014,6635,17.66665292,1.622786405,5795109182,66.35
13:39:00,5.6,60.1,0,0.885032289,32.85,58.6,58.63539946,0,0.885032289,58.61769973,18971328512,18968695150,0,0.885032289,18970011831,1742453760,1742453584,0,0.885032289,1742453672,6635,6635,0,0.885032289,6635,17.66720026,1.62278644,4680613914,66.35
13:39:00,63.3,63.3,0,0.885032289,63.3,58.6,58.62477962,0,0.885032289,58.61238981,18971467776,18969485158,0,0.885032289,18970476467,1742453760,1742453637,0,0.885032289,1742453699,6635,6635,0,0.885032289,6635,17.66763299,1.622786465,4680718926,66.35
13:39:00,40.2,60.1,0.15,0.809814734,50.15,58.6,58.61734573,0,0.885032289,58.60867287,18972672000,18970079944,0,0.885032289,18971375972,1742453760,1742453674,0,0.885032289,1742453717,6635,6635,0,0.885032289,6635,17.66847071,1.622786482,4761862902,66.35
13:39:00,37.1,60.1,0.45,0.53693719,48.6,58.6,58.61214201,0,0.809814734,58.60607101,18974007296,18970857561,0,0.809814734,18972432428,1742453760,1742453700,0,0.809814734,1742453730,6635,6635,0,0.809814734,6635,17.66945462,1.622786494,5485650696,66.35
13:39:00,65.3,65.3,0,0.591183703,65.3,59,58.60849941,0,0.53693719,58.8042497,18974605312,18971802481,0,0.53693719,18973203897,1742453760,1742453718,0,0.53693719,1742453739,6635,6635,0,0.53693719,6635,17.6701731,1.622786502,7563408255,66.35
13:39:00,8,5.391015,0,0.885032289,6.6955075,58.6,58.72594959,0,0.591183703,58.66297479,18976423936,18972643330,0,0.591183703,18974533633,1742453760,1742453730,0,0.591183703,1742453745,6635,6635,0,0.591183703,6635,17.67141152,1.622786508,6374916551,66.35
13:39:00,10.7,83.5,0,0.885032289,47.1,58.6,58.6,0,0.885032289,58.6,18976456704,18976456704,0,0.885032289,18976456704,1742453760,1742453760,0,0.885032289,1742453760,6635,6635,0,0.885032289,6635,17.67320251,1.622786522,4682070353,66.35
13:39:00,55.3,60.6,0.175,0.794839412,57.95,58.6,58.6,0,0.885032289,58.6,18976595968,18976595968,0,0.885032289,18976595968,1742453760,1742453760,0,0.885032289,1742453760,6635,6635,0,0.885032289,6635,17.67333221,1.622786522,4779517119,66.35
13:39:00,59.8,5.391015,0.45,0.558278376,32.5955075,59,59,0,0.794839412,59,18977697792,18977697792,0,0.794839412,18977697792,1742453760,1742453760,0,0.794839412,1742453760,6635,6635,0,0.794839412,6635,17.67435837,1.622786522,5543653301,66.35
13:39:00,34.7,65.34977,0.225,0.600397523,50.024885,58.6,58.7502405,0,0.558278376,58.67512025,18980823040,18975939313,0,0.558278376,18978381177,1742453760,1742453753,0,0.558278376,1742453756,6635,6635,0,0.558278376,6635,17.67499482,1.622786519,7312779618,66.35
13:39:00,63.6,7.73778,0.1,0.691468493,35.66889,59.1,58.70516835,0,0.600397523,58.90258417,18981425152,18977404431,0,0.600397523,18979414792,1742453760,1742453755,0,0.600397523,1742453758,6635,6635,0,0.600397523,6635,17.67595745,1.62278652,6699477135,66.35
13:39:00,9.1,55.3,0,0.8376841,32.2,58.7,58.82361784,0,0.691468493,58.76180892,18982940672,18978610647,0,0.691468493,18980775660,1742453760,1742453757,0,0.691468493,1742453758,6635,6635,0,0.691468493,6635,17.67722486,1.62278652,5750770689,66.35
13:39:00,4.5,63.3,0.025,0.861795634,33.9,58.6,58.78653249,0,0.82292266,58.69326625,18983370752,18979909655,0,0.82292266,18981640203,1742453760,1742453758,0,0.82292266,1742453759,6635,6635,0,0.82292266,6635,17.67803002,1.622786521,4989567636,66.35
13:39:00,54.1,60.01,0.025,0.849541381,57.055,58.6,58.73057274,0,0.861795634,58.66528637,18983370752,18980947984,0,0.861795634,18982159368,1742453760,1742453758,0,0.861795634,1742453759,6635,6635,0,0.861795634,6635,17.67851353,1.622786521,4823353855,66.35
13:39:00,47.9,60.01,0.275,0.689675139,53.955,59,58.69140092,0,0.849541381,58.84570046,18984554496,18981674814,0,0.849541381,18983114655,1742453760,1742453759,0,0.849541381,1742453759,6635,6635,0,0.849541381,6635,17.67940321,1.622786521,5070054551,66.35
13:39:00,34.7,64.0823,0.275,0.517790493,49.39115,58.7,58.78398064,0,0.689675139,58.74199032,18985893888,18982538719,0,0.689675139,18984216303,1742453760,1742453759,0,0.689675139,1742453760,6635,6635,0,0.689675139,6635,17.6804292,1.622786522,6325876217,66.35
13:39:00,69.1,69.1,0,0.708457333,69.1,59.4,58.75878645,0,0.517790493,59.07939323,18986463232,18983545270,0,0.517790493,18985004251,1742453760,1742453759,0,0.517790493,1742453760,6635,6635,0,0.517790493,6635,17.68116304,1.622786522,7456943737,66.35
13:39:00,6.6,56.29,0,0.873351149,31.445,58.7,58.95115052,0,0.708457333,58.82557526,18987831296,18984420658,0,0.708457333,18986125977,1742453760,1742453760,0,0.708457333,1742453760,6635,6635,0,0.708457333,6635,17.68220773,1.622786522,5591469464,66.35
13:39:00,4.6,54.1,0,0.873351149,29.35,58.7,58.87580536,0,0.873351149,58.78790268,18988351488,18985443850,0,0.873351149,18986897669,1742453760,1742453760,0,0.873351149,1742453760,6635,6635,0,0.873351149,6635,17.68292642,1.622786522,4747084420,66.35
13:39:00,59.1,34.7,0,0.873351149,46.9,58.7,58.82306375,0,0.873351149,58.76153188,18988388352,18986316141,0,0.873351149,18987352247,1742453760,1742453760,0,0.873351149,1742453760,6635,6635,0,0.873351149,6635,17.68334978,1.622786522,4747188523,66.35
13:39:00,45.3,34.7,0.775,0.702011168,40,58.7,58.78614463,0,0.873351149,58.74307231,18989555712,18986937804,0,0.873351149,18988246758,1742453760,1742453760,0,0.873351149,1742453760,6635,6635,0,0.873351149,6635,17.68418286,1.622786522,4941276008,66.35
13:39:00,26.8,69.58328,0.3,0.88052994,48.19164,58.7,58.76030124,0,0.702011168,58.73015062,18991005696,18987723177,0,0.702011168,18989364436,1742453760,1742453760,0,0.702011168,1742453760,6635,6635,0,0.702011168,6635,17.68522378,1.622786522,5620551869,66.35
13:39:00,69.4,69.4,0.175,0.546670082,69.4,59.1,58.74221087,0,0.88052994,58.92110543,18991534080,18988707932,0,0.88052994,18990121006,1742453760,1742453760,0,0.88052994,1742453760,6635,6635,0,0.88052994,6635,17.68592839,1.622786522,5095515459,66.35
13:39:00,10.1,4.30999,0,0.777774625,7.204995,58.7,58.84954761,0,0.546670082,58.7747738,18992623616,18989555777,0,0.546670082,18991089696,1742453760,1742453760,0,0.546670082,1742453760,6635,6635,0,0.546670082,6635,17.68683055,1.622786522,6994051349,66.35
13:39:00,3,59.1,0,0.873351149,31.05,58.7,58.80468332,0,0.777774625,58.75234166,18993414144,18990476129,0,0.777774625,18991945136,1742453760,1742453760,0,0.777774625,1742453760,6635,6635,0,0.777774625,6635,17.68762724,1.622786522,5203831761,66.35
13:39:00,49.5,27.15,0,0.873351149,38.325,58.7,58.77327833,0,0.873351149,58.73663916,18993414144,18991357533,0,0.873351149,18992385839,1742453760,1742453760,0,0.873351149,1742453760,6635,6635,0,0.873351149,6635,17.68803768,1.622786522,4748341229,66.35
13:39:00,59.5,45.4876,0.2,0.76137893,52.4938,58.8,58.75129483,0,0.873351149,58.77564741,18994536448,18991974516,0,0.873351149,18993255482,1742453760,1742453760,0,0.873351149,1742453760,6635,6635,0,0.873351149,6635,17.6888476,1.622786522,4873506695,66.35
13:39:00,21.5,69.528296,0.75,0.818026754,45.514148,58.7,58.76590638,0,0.76137893,58.73295319,18995945472,18992743096,0,0.76137893,18994344284,1742453760,1742453760,0,0.76137893,1742453760,6635,6635,0,0.76137893,6635,17.68986162,1.622786522,5367303435,66.35
13:39:00,70.8,10.17,0,0.683048244,40.485,59,58.74613447,0,0.818026754,58.87306723,18996506624,18993703809,0,0.818026754,18995105216,1742453760,1742453760,0,0.818026754,1742453760,6635,6635,0,0.818026754,6635,17.6905703,1.622786522,5243173620,66.35
13:39:00,9.6,3.42,0,0.873351149,6.51,58.7,58.82229413,0,0.683048244,58.76114706,18997706752,18994544653,0,0.683048244,18996125703,1742453760,1742453760,0,0.683048244,1742453760,6635,6635,0,0.683048244,6635,17.6915207,1.622786522,5751860316,66.35
13:39:00,23.1,70.84704,0.725,0.663591875,46.97352,58.7,58.78560589,0,0.873351149,58.74280294,18998579200,18995493283,0,0.873351149,18997036241,1742453760,1742453760,0,0.873351149,1742453760,6635,6635,0,0.873351149,6635,17.6923687,1.622786522,4989058060,66.35
13:39:00,42.4,59.857,1,0.995066285,51.1285,58.6,58.75992412,0,0.663591875,58.67996206,18998730752,18996419058,0,0.663591875,18997574905,1742453760,1742453760,0,0.663591875,1742453760,6635,6635,0,0.663591875,6635,17.69287037,1.622786522,5683083085,66.35
13:39:00,61.7,9.999,0.025,0.873554446,35.8495,58.8,58.71194689,0,0.996261239,58.75597344,18999517184,18997112566,0,0.996261239,18998314875,1742453760,1742453760,0,0.996261239,1742453760,6635,6635,0,0.996261239,6635,17.69355952,1.622786522,4268879494,66.35
13:39:00,18.2,42.4,0.475,0.502083912,30.3,58.7,58.73836282,0,0.873554446,58.71918141,19000819712,18997833952,0,0.873554446,18999326832,1746074624,1742453760,0,0.873554446,1744264192,6635,6635,0,0.873554446,6635,17.69450198,1.624472618,5190698633,66.35
13:39:00,71.5,9.999,0.025,0.502083912,40.7495,59.1,58.72685397,0,0.502083912,58.91342699,19001696256,18998729680,0,0.502083912,19000212968,1746074624,1743540019,0,0.502083912,1744807322,6635,6635,0,0.502083912,6635,17.69532726,1.624978447,8263569700,66.35
13:39:00,14.9,4.30999,0.05,0.825112437,9.604995,58.7,58.83879778,0,0.502083912,58.76939889,19002572800,18999619653,0,0.502083912,19001096226,1746074624,1744300401,0,0.502083912,1745187512,6635,6635,0,0.502083912,6635,17.69614986,1.625332527,7321923610,66.35
13:39:00,6.5,5.391015,0.375,0.567222141,5.9455075,58.7,58.79715845,0,0.825112437,58.74857922,19003695104,19000505597,0,0.825112437,19002100350,1746074624,1744832668,0,0.825112437,1745453646,6635,6635,0,0.825112437,6635,17.69708502,1.625580383,5364353877,66.35
13:39:00,36.9,69.528296,0.325,0.667249291,53.214148,58.7,58.76801091,0,0.567222141,58.73400546,19003695104,19001462449,0,0.567222141,19002578776,1746074624,1745205255,0,0.567222141,1745639939,6635,6635,0,0.567222141,6635,17.69753059,1.625753883,7066502493,66.35
13:39:00,70.4,9.999,0.675,0.861848309,40.1995,59.4,58.74760764,0,0.667249291,59.07380382,19004502016,19002132245,0,0.667249291,19003317131,1746074624,1745466065,0,0.667249291,1745770345,6635,6635,0,0.667249291,6635,17.69821824,1.625875332,5876522877,66.35
13:39:00,13.3,6.479630604,0.025,0.667249311,9.889815302,58.7,58.94332535,0,0.861848309,58.82166267,19005386752,19002843177,0,0.861848309,19004114964,1746074624,1745648633,0,0.861848309,1745861628,6635,6635,0,0.861848309,6635,17.69896128,1.625960347,5042961341,66.35
13:39:00,77.2,18.585,0,0.851853063,47.8925,58.8,58.87032774,0,0.667249311,58.83516387,19006676992,19003606249,0,0.667249311,19005141621,1746074624,1745776430,0,0.667249311,1745925527,6635,6635,0,0.667249311,6635,17.69991743,1.626019857,5893767723,66.35
13:39:00,15.5,79.5404,0,0.864139577,47.5202,58.7,58.84922942,0,0.851853063,58.77461471,19007377408,19004527472,0,0.851853063,19005952440,1749695488,1745865888,0,0.851853063,1747780688,6635,6635,0,0.851853063,6635,17.70067256,1.62774761,4858594887,66.35
13:39:00,8.6,6.479630604,0.075,0.825112436,7.539815302,58.7,58.80446059,0,0.864139577,58.7522303,19008749568,19005382453,0,0.864139577,19007066010,1749695488,1747014768,0,0.864139577,1748355128,6635,6635,0,0.864139577,6635,17.70170965,1.628282599,4847506750,66.35
13:40:00,30.3,69.528296,0.45,0.51972787,49.914148,58.7,58.7,0,0.825112436,58.7,19008749568,19008749568,0,0.825112436,19008749568,1749695488,1749695488,0,0.825112436,1749695488,6635,6635,0,0.825112436,6635,17.70327759,1.629530907,5433897031,66.35
13:40:00,79.4,100,0.025,0.523889474,89.7,59,59,0,0.51972787,59,19011731456,19011731456,0,0.51972787,19011731456,1749695488,1749695488,0,0.51972787,1749695488,6635,6635,0,0.51972787,6635,17.70605469,1.629530907,7976573734,66.35
13:40:00,14.4,8.708578225,0.025,0.838844452,11.55428911,58.7,58.7,0,0.523889474,58.7,19012546560,19012546560,0,0.523889474,19012546560,1749695488,1749695488,0,0.523889474,1749695488,6635,6635,0,0.523889474,6635,17.70681381,1.629530907,7075460792,66.35
13:40:00,73.6,15.338769,0.975,0.861848321,44.4693845,58.7,58.78808099,0,0.838844452,58.74404049,19013603328,19009706418,0,0.838844452,19011654873,1749695488,1749051847,0,0.838844452,1749373668,6635,6635,0,0.838844452,6635,17.70598336,1.629231188,4922912512,66.35
13:40:00,17.2,6.479630604,0.05,0.873554457,11.8398153,58.7,58.76165669,0,0.861848321,58.73082835,19014393856,19010875491,0,0.861848321,19012634673,1749695488,1749244939,0,0.861848321,1749470214,6635,6635,0,0.861848321,6635,17.70689587,1.629321104,4804990212,66.35
13:40:00,4,5.391015,0.45,0.502083917,4.6955075,58.7,58.74315968,0,0.873554457,58.72157984,19015786496,19011931000,0,0.873554457,19013858748,1749695488,1749380104,0,0.873554457,1749537796,6635,6635,0,0.873554457,6635,17.70803588,1.629384045,5195654525,66.35
13:40:00,17.8,4.216993,0.225,0.647149486,11.0084965,58.7,58.73021178,0,0.502083917,58.71510589,19015786496,19013087649,0,0.502083917,19014437073,1749695488,1749474719,0,0.502083917,1749585104,6635,6635,0,0.502083917,6635,17.70857449,1.629428103,7819297668,66.35
13:40:00,82,15.338769,0,0.728028147,48.6693845,59.1,58.72114825,0,0.647149486,58.91057412,19016540160,19013897303,0,0.647149486,19015218732,1749695488,1749540950,0,0.647149486,1749618219,6635,6635,0,0.647149486,6635,17.70930247,1.629458944,6260833484,66.35
13:40:00,19.3,81.69277,0,0.864139577,50.496385,58.7,58.83480377,0,0.728028147,58.76740189,19017199616,19014690160,0,0.728028147,19015944888,1749695488,1749587311,0,0.728028147,1749641400,6635,6635,0,0.728028147,6635,17.70997875,1.629480533,5498995332,66.35
13:40:00,82.3,15.338769,0,0.868889369,48.8193845,58.7,58.79436264,0,0.868889369,58.74718132,19018752000,19015442997,0,0.868889369,19017097498,1749695488,1749619764,0,0.868889369,1749657626,6635,6635,0,0.868889369,6635,17.7110522,1.629495645,4780070425,66.35
13:40:00,20.5,82.44,0,0.868889369,51.47,58.7,58.76605385,0,0.868889369,58.73302692,19019362304,19016435698,0,0.868889369,19017899001,1749695488,1749642481,0,0.868889369,1749668985,6635,6635,0,0.868889369,6635,17.71179866,1.629506224,4780257529,66.35
13:40:00,5.1,5.391015,0.475,0.528628884,5.2455075,58.7,58.74623769,0,0.868889369,58.72311885,19020517376,19017313680,0,0.868889369,19018915528,1749695488,1749658383,0,0.868889369,1749676936,6635,6635,0,0.868889369,6635,17.71274538,1.629513628,5186721423,66.35
13:40:00,12.5,4.216993,0,0.528628884,8.3584965,58.7,58.73236639,0,0.528628884,58.71618319,19020517376,19018274789,0,0.528628884,19019396082,1749695488,1749669515,0,0.528628884,1749682501,6635,6635,0,0.528628884,6635,17.71319293,1.629518812,7857718686,66.35
13:40:00,74.2,17.723,0,0.868889369,45.9615,58.8,58.72265647,0,0.528628884,58.76132823,19021299712,19018947565,0,0.528628884,19020123638,1749695488,1749677307,0,0.528628884,1749686397,6635,6635,0,0.528628884,6635,17.71387052,1.62952244,6961782744,66.35
13:40:00,24.5,24.5,0.25,0.715279869,24.5,58.8,58.74585953,0,0.868889369,58.77292976,19022168064,19019653209,0,0.868889369,19020910636,1749695488,1749682761,0,0.868889369,1749689125,6635,6635,0,0.868889369,6635,17.71460347,1.62952498,4956194855,66.35
13:40:00,81.4,13.98,0,0.715279869,47.69,58.8,58.76210167,0,0.715279869,58.78105084,19023392768,19020407665,0,0.715279869,19021900217,1749695488,1749686579,0,0.715279869,1749691034,6635,6635,0,0.715279869,6635,17.71552508,1.629526758,5807963818,66.35
13:40:00,25,81.604939,0.8,0.740905953,53.3024695,58.8,58.77347117,0,0.715279869,58.78673558,19024310272,19021303196,0,0.715279869,19022806734,1749695488,1749689252,0,0.715279869,1749692370,6635,6635,0,0.715279869,6635,17.71636934,1.629528003,5766895949,66.35
13:40:00,6.5,12.88703,0.275,0.895015268,9.693515,58.8,58.78142982,0,0.740905953,58.79071491,19025784832,19022205319,0,0.740905953,19023995075,1749695488,1749691123,0,0.740905953,1749693305,6635,6635,0,0.740905953,6635,17.71747607,1.629528874,5383684419,66.35
13:40:00,7.1,49.5,0,0.69625094,28.3,58.8,58.78700087,0,0.895015268,58.79350044,19025784832,19023279173,0,0.895015268,19024532002,1749695488,1749692432,0,0.895015268,1749693960,6635,6635,0,0.895015268,6635,17.71797613,1.629529484,4857978705,66.35
13:40:00,76.8,20.486,0.025,0.856772002,48.643,58.8,58.79090061,0,0.69625094,58.79545031,19025891328,19024030871,0,0.69625094,19024961099,1749695488,1749693349,0,0.69625094,1749694418,6635,6635,0,0.69625094,6635,17.71837575,1.629529911,5704541857,66.35
13:40:00,27.2,6.485741423,0.05,0.830330558,16.84287071,58.8,58.79363043,0,0.856772002,58.79681521,19026993152,19024589008,0,0.856772002,19025791080,1749695488,1749693991,0,0.856772002,1749694739,6635,6635,0,0.856772002,6635,17.71914873,1.629530209,4879833215,66.35
13:40:00,92.3,100,0.9,0.835841413,96.15,58.8,58.7955413,0,0.830330558,58.79777065,19028353024,19025310251,0,0.830330558,19026831638,1749695488,1749694440,0,0.830330558,1749694964,6635,6635,0,0.830330558,6635,17.72011783,1.629530419,4997766547,66.35
13:40:00,15.3,4.216993,1,0.998951625,9.7584965,58.8,58.79687891,0,0.835841413,58.79843945,19029680128,19026223083,0,0.835841413,19027951605,1749695488,1749694754,0,0.835841413,1749695121,6635,6635,0,0.835841413,6635,17.72116088,1.629530565,4784922910,66.35
13:40:00,5,12.88703,0.1,0.904712061,8.943515,58.8,58.8,0,0.998951625,58.8,19030597632,19030597632,0,0.998951625,19030597632,1749695488,1749695488,0,0.998951625,1749695488,6635,6635,0,0.998951625,6635,17.72362518,1.629530907,4240428754,66.35
13:40:00,5.6,49.5,0,0.816004872,27.55,58.8,58.8,0,0.904712061,58.8,19030597632,19030597632,0,0.904712061,19030597632,1749695488,1749695488,0,0.904712061,1749695488,6635,6635,0,0.904712061,6635,17.72362518,1.629530907,4685679390,66.35
13:40:00,75.5,5.328818145,0,0.868889369,40.41440907,58.8,58.79892947,0,0.816004872,58.79946473,19030847488,19028962289,0,0.816004872,19029904888,1749695488,1749695236,0,0.816004872,1749695362,6635,6635,0,0.816004872,6635,17.72298002,1.629530789,5027840609,66.35
13:40:00,38.7,61.7,0.7,0.664665017,50.2,58.8,58.79925063,0,0.868889369,58.79962531,19031883776,19029527848,0,0.868889369,19030705812,1749695488,1749695312,0,0.868889369,1749695400,6635,6635,0,0.868889369,6635,17.72372593,1.629530825,5019152473,66.35
13:40:00,78.8,27.165,0.05,0.70391179,52.9825,58.8,58.79947544,0,0.664665017,58.79973772,19033354240,19030234627,0,0.664665017,19031794433,1749695488,1749695365,0,0.664665017,1749695426,6635,6635,0,0.664665017,6635,17.72473979,1.629530849,6180238660,66.35
13:40:00,14.1,7.546446,0,0.843920074,10.823223,58.8,58.79963281,0,0.70391179,58.7998164,19034259456,19031170511,0,0.70391179,19032714983,1749695488,1749695402,0,0.70391179,1749695445,6635,6635,0,0.70391179,6635,17.72559712,1.629530866,5678927535,66.35
13:40:00,7.1,5.328818145,0,0.863478904,6.214409073,58.8,58.79974296,0,0.838176133,58.79987148,19035447296,19032097194,0,0.838176133,19033772245,1749695488,1749695428,0,0.838176133,1749695458,6635,6635,0,0.838176133,6635,17.72658177,1.629530879,4929452126,66.35
13:40:00,3.5,74.919,0,0.863478904,39.2095,58.8,58.79982008,0,0.863478904,58.79991004,19037089792,19033102225,0,0.863478904,19035096008,1749695488,1749695446,0,0.863478904,1749695467,6635,6635,0,0.863478904,6635,17.72781462,1.629530887,4814199421,66.35
13:40:00,74.6,14.016,0,0.863478904,44.308,58.8,58.79987405,0,0.863478904,58.79993703,19037376512,19034298495,0,0.863478904,19035837503,1749695488,1749695458,0,0.863478904,1749695473,6635,6635,0,0.863478904,6635,17.72850519,1.629530893,4814371170,66.35
13:40:00,41.5,78.653,0,0.863478904,60.0765,58.8,58.79991184,0,0.863478904,58.79995592,19038674944,19035221900,0,0.863478904,19036948422,1749695488,1749695467,0,0.863478904,1749695478,6635,6635,0,0.863478904,6635,17.72953982,1.629530897,4814628487,66.35
13:40:00,87.7,15.3271383,0.45,0.545475317,51.51356915,58.8,58.79993829,0,0.863478904,58.79996914,19039989760,19036257813,0,0.863478904,19038123787,1749695488,1749695473,0,0.863478904,1749695481,6635,6635,0,0.863478904,6635,17.73063446,1.6295309,5197747945,66.35
13:40:00,29.8,79.49828,0.975,0.977947692,54.64914,58.8,58.7999568,0,0.545475317,58.7999784,19041009664,19037377397,0,0.545475317,19039193531,1749695488,1749695478,0,0.545475317,1749695483,6635,6635,0,0.545475317,6635,17.73163074,1.629530902,6579078945,66.35
13:40:00,2.5,5.328818145,0.075,0.88393505,3.914409072,58.8,58.79996976,0,0.977947692,58.79998488,19042607104,19038467077,0,0.977947692,19040537091,1749695488,1749695481,0,0.977947692,1749695484,6635,6635,0,0.977947692,6635,17.73288203,1.629530903,4335160114,66.35
13:40:00,10.3,74.8233,0,0.824446082,42.56165,58.8,58.79997883,0,0.88393505,58.79998942,19042607104,19039709085,0,0.88393505,19041158095,1749695488,1749695483,0,0.88393505,1749695486,6635,6635,0,0.88393505,6635,17.73346038,1.629530904,4768342217,66.35
13:40:00,58.9,34.7,0,0.863478904,46.8,58.8,58.79998518,0,0.824446082,58.79999259,19043184640,19040578491,0,0.824446082,19041881565,1749695488,1749695485,0,0.824446082,1749695486,6635,6635,0,0.824446082,6635,17.73413417,1.629530905,4996459638,66.35
13:40:00,37.4,87.7,0.175,0.762465131,62.55,58.8,58.79998963,0,0.863478904,58.79999481,19044073472,19041360336,0,0.863478904,19042716904,1749695488,1749695486,0,0.863478904,1749695487,6635,6635,0,0.863478904,6635,17.73491213,1.629530906,4931342872,66.35
13:40:00,83.1,20.486,0.05,0.727463868,51.793,58.8,58.79999274,0,0.762465131,58.79999637,19045371904,19042174277,0,0.762465131,19043773090,1749695488,1749695486,0,0.762465131,1749695487,6635,6635,0,0.762465131,6635,17.73589578,1.629530906,5504815887,66.35
13:40:00,34,2.5,0.025,0.824446084,18.25,59.1,58.79999492,0,0.727463868,58.94999746,19046354944,19043133565,0,0.727463868,19044744254,1749695488,1749695487,0,0.727463868,1749695487,6635,6635,0,0.727463868,6635,17.73680025,1.629530906,5568496851,66.35
13:40:00,10.2,5.328818145,0.475,0.502052029,7.764409072,58.8,58.88999644,0,0.824446084,58.84499822,19047686144,19044099979,0,0.824446084,19045893061,1749695488,1749695487,0,0.824446084,1749695488,6635,6635,0,0.824446084,6635,17.73787016,1.629530906,5472760736,66.35
13:40:00,4,40.025,0,0.523799008,22.0125,58.8,58.86299751,0,0.502052029,58.83149875,19047981056,19045175828,0,0.502052029,19046578442,1749695488,1749695487,0,0.502052029,1749695488,6635,6635,0,0.502052029,6635,17.73850847,1.629530906,8213357873,66.35
13:40:00,60.7,21.5,0,0.863478904,41.1,58.8,58.84409826,0,0.523799008,58.82204913,19048108032,19046017397,0,0.523799008,19047062714,1749695488,1749695488,0,0.523799008,1749695488,6635,6635,0,0.523799008,6635,17.73895949,1.629530906,7029080716,66.35
13:40:00,44.2,82.638,0.4,0.588361304,63.419,58.9,58.83086878,0,0.863478904,58.86543439,19049123840,19046644587,0,0.863478904,19047884214,1749695488,1749695488,0,0.863478904,1749695488,6635,6635,0,0.863478904,6635,17.73972457,1.629530907,5145017738,66.35
13:40:00,73.2,41.689,0.025,0.567016987,57.4445,58.8,58.85160815,0,0.588361304,58.82580407,19050434560,19047388363,0,0.588361304,19048911462,1749695488,1749695488,0,0.588361304,1749695488,6635,6635,0,0.588361304,6635,17.74068127,1.629530907,7121685633,66.35
13:40:00,42.1,73.172,0,0.851186713,57.636,59,58.8361257,0,0.567016987,58.91806285,19051274240,19048302222,0,0.567016987,19049788231,1749695488,1749695488,0,0.567016987,1749695488,6635,6635,0,0.567016987,6635,17.74149782,1.629530907,6668096305,66.35
13:40:00,5.1,4.1518951,0.2,0.745279264,4.62594755,58.8,58.88528799,0,0.851186713,58.842644,19052761088,19049193827,0,0.851186713,19050977458,1749695488,1749695488,0,0.851186713,1749695488,6635,6635,0,0.851186713,6635,17.74260537,1.629530907,5012180422,66.35
13:40:00,6.6,60.63,0,0.745279264,33.615,58.8,58.85970159,0,0.745279264,58.8298508,19052761088,19050264006,0,0.745279264,19051512547,1749695488,1749695488,0,0.745279264,1749695488,6635,6635,0,0.745279264,6635,17.74310372,1.629530907,5582126260,66.35
13:40:00,40.5,40.5,0.2,0.730936479,40.5,58.8,58.84179112,0,0.730936479,58.82089556,19053051904,19051013130,0,0.730936479,19052032517,1749695488,1749695488,0,0.730936479,1749695488,6635,6635,0,0.730936479,6635,17.74358798,1.629530907,5691803692,66.35
13:40:00,57.9,37.148,0,0.730936479,47.524,59,58.82925378,0,0.730936479,58.91462689,19053854720,19051624762,0,0.730936479,19052739741,1749695488,1749695488,0,0.730936479,1749695488,6635,6635,0,0.730936479,6635,17.74424663,1.629530907,5691997206,66.35
13:40:00,64.7,64.7,0.6,0.603705402,64.7,58.9,58.88047765,0,0.730936479,58.89023882,19055337472,19052293750,0,0.730936479,19053815611,1749695488,1749695488,0,0.730936479,1749695488,6635,6635,0,0.730936479,6635,17.74524861,1.629530907,5897605946,66.35
13:40:00,43.5,43.5,0.05,0.645341895,43.5,58.9,58.88633435,0,0.603705402,58.89316718,19056472064,19053206866,0,0.603705402,19054839465,1749695488,1749695488,0,0.603705402,1749695488,6635,6635,0,0.603705402,6635,17.74620215,1.629530907,6798506576,66.35
13:40:00,5.1,6.520018996,0,0.827701659,5.810009498,58.9,58.89043405,0,0.645341895,58.89521702,19057786880,19054186426,0,0.645341895,19055986653,1749695488,1749695488,0,0.645341895,1749695488,6635,6635,0,0.645341895,6635,17.74727055,1.629530907,6103040858,66.35
13:40:00,6.4,40.1675,0,0.854275109,23.28375,58.9,58.89330383,0,0.827701659,58.89665192,19057926144,19055266562,0,0.827701659,19056596353,1749695488,1749695488,0,0.827701659,1749695488,6635,6635,0,0.827701659,6635,17.74783838,1.629530907,4995411817,66.35
13:40:00,32.3,2.5,0.025,0.841353016,17.4,58.9,58.89531268,0,0.854275109,58.89765634,19058216960,19056064437,0,0.854275109,19057140698,1749695488,1749695488,0,0.854275109,1749695488,6635,6635,0,0.854275109,6635,17.74834534,1.629530907,4886009235,66.35
13:40:00,71.7,41.689,0,0.841353016,56.6945,59.6,58.89671888,0,0.841353016,59.24835944,19058925568,19056710194,0,0.841353016,19057817881,1749695488,1749695488,0,0.841353016,1749695488,6635,6635,0,0.841353016,6635,17.74897602,1.629530907,4946204442,66.35
13:40:00,70.8,41.689,0.425,0.548327374,56.2445,58.9,59.10770321,0,0.841353016,59.00385161,19059986432,19057374806,0,0.841353016,19058680619,1753316352,1749695488,0,0.841353016,1751505920,6635,6635,0,0.841353016,6635,17.7497795,1.631217003,5317214808,66.35
13:41:00,37.6,5.212120891,0.05,0.504632362,21.40606045,59,59.04539225,0,0.548327374,59.02269613,19061563392,19058158294,0,0.548327374,19059860843,1753316352,1750781747,0,0.548327374,1752049050,6635,6635,0,0.548327374,6635,17.75087867,1.631722832,7713997449,66.35
13:41:00,6,6.484013297,0.05,0.798224783,6.242006649,58.9,59.03177458,0,0.504632362,58.96588729,19062861824,19059179823,0,0.504632362,19061020824,1753316352,1751542129,0,0.504632362,1752429240,6635,6635,0,0.504632362,6635,17.75195899,1.632076912,7389163218,66.35
13:41:00,7.5,32.3,0,0.827701659,19.9,58.9,58.9922422,0,0.798224783,58.9461211,19063009280,19060284423,0,0.798224783,19061646852,1753316352,1752074396,0,0.798224783,1752695374,6635,6635,0,0.798224783,6635,17.75254202,1.632324768,5176925048,66.35
13:41:00,22.2,6.338809308,0.025,0.841353016,14.26940465,58.9,58.96456954,0,0.827701659,58.93228477,19063287808,19061101880,0,0.827701659,19062194844,1753316352,1752446983,0,0.827701659,1752881667,6635,6635,0,0.827701659,6635,17.75305238,1.632498267,5013073912,66.35
13:41:00,83.6,29.2855,0.05,0.813323292,56.44275,58.9,58.94519868,0,0.841353016,58.92259934,19064160256,19061757659,0,0.841353016,19062958957,1753316352,1752707793,0,0.841353016,1753012073,6635,6635,0,0.841353016,6635,17.75376402,1.632619717,4981406098,66.35
13:41:00,59.7,65.154839,0.875,0.835668482,62.4274195,58.9,58.93163908,0,0.813323292,58.91581954,19064897536,19062478438,0,0.813323292,19063687987,1753316352,1752890361,0,0.813323292,1753103356,6635,6635,0,0.813323292,6635,17.75444298,1.632704732,5090974160,66.35
13:41:00,43.8,5.212120891,0,0.807025073,24.50606045,59,58.92214735,0,0.835668482,58.96107368,19068313600,19063204167,0,0.835668482,19065758884,1753316352,1753018158,0,0.835668482,1753167255,6635,6635,0,0.835668482,6635,17.75637165,1.632764242,5016974206,66.35
13:41:00,16.4,5.212120891,0.075,0.813323291,10.80606045,58.9,58.94550315,0,0.807025073,58.92275157,19069898752,19064736997,0,0.807025073,19067317875,1753316352,1753107616,0,0.807025073,1753211984,6635,6635,0,0.807025073,6635,17.75782357,1.632805899,5151782817,66.35
13:41:00,4.6,7.43875854,0.275,0.612627428,6.01937927,58.9,58.9318522,0,0.813323291,58.9159261,19070443520,19066285524,0,0.813323291,19068364522,1753316352,1753170237,0,0.813323291,1753243295,6635,6635,0,0.813323291,6635,17.75879834,1.632835059,5385939527,66.35
13:41:00,10.2,59.04,0,0.673973036,34.62,58.9,58.92229654,0,0.612627428,58.91114827,19070558208,19067532923,0,0.612627428,19069045565,1753316352,1753214072,0,0.612627428,1753265212,6635,6635,0,0.612627428,6635,17.75943261,1.632855471,6664244676,66.35
13:41:00,76.8,27.165,0,0.854275109,51.9825,58.9,58.91560758,0,0.673973036,58.90780379,19071275008,19068440508,0,0.673973036,19069857758,1753316352,1753244756,0,0.673973036,1753280554,6635,6635,0,0.673973036,6635,17.76018902,1.632869759,5865398326,66.35
13:41:00,58.8,43.345,0.8,0.775510685,51.0725,58.9,58.91092531,0,0.84975519,58.90546265,19071827968,19069290858,0,0.84975519,19070559413,1756937216,1753266235,0,0.84975519,1755101725,6635,6635,0,0.84975519,6635,17.76084249,1.634565858,4988743805,66.35
13:41:00,59.5,43.345,0,0.775510685,51.4225,59,58.90764771,0,0.775510685,58.95382386,19073617920,19070051991,0,0.775510685,19071834956,1756937216,1754367529,0,0.775510685,1755652373,6635,6635,0,0.775510685,6635,17.76203043,1.635078688,5371297775,66.35
13:41:00,4.6,10.145757,0.05,0.822088247,7.3728785,58.9,58.9353534,0,0.775510685,58.9176767,19075280896,19071121770,0,0.775510685,19073201333,1756937216,1755138435,0,0.775510685,1756037826,6635,6635,0,0.775510685,6635,17.76330297,1.635437669,5307989448,66.35
13:41:00,8.2,76.89653,0,0.822088247,42.548265,58.9,58.92474738,0,0.822088247,58.91237369,19075379200,19072369508,0,0.822088247,19073874354,1756937216,1755678069,0,0.822088247,1756307643,6635,6635,0,0.822088247,6635,17.76392977,1.635688956,5067628400,66.35
13:41:00,3.5,40.1675,0.125,0.774967125,21.83375,58.9,58.91732317,0,0.822088247,58.90866158,19075624960,19073272415,0,0.822088247,19074448688,1756937216,1756055813,0,0.822088247,1756496515,6635,6635,0,0.822088247,6635,17.76446466,1.635864856,5126584010,66.35
13:41:00,70.5,37.53,0,0.774967125,54.015,58.9,58.91212622,0,0.774967125,58.90606311,19075629056,19073978179,0,0.774967125,19074803617,1756937216,1756320234,0,0.774967125,1756628725,6635,6635,0,0.774967125,6635,17.76479522,1.635987987,5376083297,66.35
13:41:00,65.1,37.53,0,0.84975519,51.315,58.9,58.90848835,0,0.774967125,58.90424418,19076628480,19074473442,0,0.774967125,19075550961,1756957696,1756505329,0,0.774967125,1756731512,6635,6635,0,0.774967125,6635,17.76549123,1.636083715,5274499762,66.35
13:41:00,70.9,65.1383873,0.075,0.807121261,68.01919365,59.1,58.90594185,0,0.84975519,59.00297092,19078725632,19075119953,0,0.84975519,19076922793,1756957696,1756641039,0,0.84975519,1756799367,6635,6635,0,0.84975519,6635,17.76676885,1.63614691,4953168204,66.35
13:41:00,8.2,4.380428599,0,0.807121261,6.290214299,58.9,58.96415929,0,0.807121261,58.93207965,19080077312,19076201657,0,0.807121261,19078139484,1756957696,1756736036,0,0.807121261,1756846866,6635,6635,0,0.807121261,6635,17.76790198,1.636191146,5162791281,66.35
13:41:00,2,45.4876,0.025,0.836300976,23.7438,58.9,58.9449115,0,0.807121261,58.92245575,19080224768,19077364353,0,0.807121261,19078794561,1756957696,1756802534,0,0.807121261,1756880115,6635,6635,0,0.807121261,6635,17.76851207,1.636222112,5125898703,66.35
13:41:00,3.6,70.7371343,0.05,0.807121262,37.16856715,58.9,58.93143805,0,0.836300976,58.91571903,19080548352,19078222478,0,0.836300976,19079385415,1756957696,1756849083,0,0.836300976,1756903389,6635,6635,0,0.836300976,6635,17.76906235,1.636243788,5017982622,66.35
13:41:00,78.2,29.2855,0,0.822088247,53.74275,58.9,58.92200664,0,0.807121262,58.91100332,19080548352,19078920240,0,0.807121262,19079734296,1756957696,1756881667,0,0.807121262,1756919681,6635,6635,0,0.807121262,6635,17.76938727,1.636258961,5144126325,66.35
13:41:00,58.2,4.380428599,0.875,0.822560222,31.2902143,59.2,58.91540465,0,0.822088247,59.05770232,19081744384,19079408674,0,0.822088247,19080576529,1756957696,1756904475,0,0.822088247,1756931086,6635,6635,0,0.822088247,6635,17.77017166,1.636269582,5068828574,66.35
13:41:00,73.3,58.7376,0.3,0.944906659,66.0188,59.5,59.00078325,0,0.822560222,59.25039163,19083526144,19080109387,0,0.822560222,19081817765,1756957696,1756920442,0,0.822560222,1756939069,6635,6635,0,0.822560222,6635,17.77132765,1.636277017,4920433909,66.35
13:41:00,8.6,46.41,0.025,0.620646692,27.505,59,59.15054828,0,0.944906659,59.07527414,19084857344,19081134414,0,0.944906659,19082995879,1756961792,1756931618,0,0.944906659,1756946705,6635,6635,0,0.944906659,6635,17.77242485,1.636284129,4736057912,66.35
13:41:00,4.6,3.50256,0,0.836300976,4.05128,59,59.10538379,0,0.620646692,59.0526919,19085324288,19082251293,0,0.620646692,19083787790,1756961792,1756940670,0,0.620646692,1756951231,6635,6635,0,0.620646692,6635,17.77316238,1.636288344,6279436767,66.35
13:41:00,11.7,3.50256,0.1,0.79140936,7.60128,59,59.07376866,0,0.836300976,59.03688433,19085324288,19083173191,0,0.836300976,19084248740,1756961792,1756947007,0,0.836300976,1756954399,6635,6635,0,0.836300976,6635,17.77359167,1.636291295,5038230190,66.35
13:41:00,72.6,8.494442331,0.025,0.774967124,40.54722117,59,59.05163806,0,0.79140936,59.02581903,19085918208,19083818520,0,0.79140936,19084868364,1756961792,1756951442,0,0.79140936,1756956617,6635,6635,0,0.79140936,6635,17.77416874,1.63629336,5288993447,66.35
13:41:00,61,8.494442331,0.175,0.721484872,34.74722117,59,59.03614664,0,0.774967124,59.01807332,19086856192,19084448427,0,0.774967124,19085652309,1756961792,1756954547,0,0.774967124,1756958170,6635,6635,0,0.774967124,6635,17.77489885,1.636294806,5454250157,66.35